route_id,obs_len,rank,neighbor_route_id,probability,cos_dist,ade_raw_m,fde_raw_m,ade_snapped_m,fde_snapped_m,corridor_dist_raw_m,corridor_dist_snapped_m,is_top1
C001,12,1,G002,0.256147,0.09207,65.0323,78.9857,65.1233,78.9857,0.2737,0.0,1
C001,12,2,G012,0.190508,0.106873,48.2096,93.901,48.1368,93.901,0.2604,0.0,0
C001,12,3,G005,0.176977,0.110556,24.5473,8.5434,24.6553,8.5434,0.2445,0.0,0
C001,12,4,G008,0.131927,0.125245,1.5281,0.0,1.7484,0.0,0.307,0.0,0
C001,12,5,G020,0.122357,0.12901,41.4521,29.3832,41.4786,29.3832,0.0631,0.0,0
C001,12,6,C023,0.122085,0.129122,50.4043,121.0612,50.4689,121.0612,0.3657,0.0,0
C001,16,1,G002,0.248097,0.092498,65.0323,78.9857,65.1233,78.9857,0.2737,0.0,1
C001,16,2,G012,0.193188,0.105006,48.2096,93.901,48.1368,93.901,0.2604,0.0,0
C001,16,3,G005,0.182598,0.107825,24.5473,8.5434,24.6553,8.5434,0.2445,0.0,0
C001,16,4,G008,0.130313,0.124692,1.5281,0.0,1.7484,0.0,0.307,0.0,0
C001,16,5,G020,0.122918,0.127614,41.4521,29.3832,41.4786,29.3832,0.0631,0.0,0
C001,16,6,C023,0.122887,0.127626,50.4043,121.0612,50.4689,121.0612,0.3657,0.0,0
C001,20,1,G002,0.222676,0.094952,65.0323,78.9857,65.1233,78.9857,0.2737,0.0,1
C001,20,2,G005,0.196452,0.101217,24.5473,8.5434,24.6553,8.5434,0.2445,0.0,0
C001,20,3,G012,0.196255,0.101268,48.2096,93.901,48.1368,93.901,0.2604,0.0,0
C001,20,4,C023,0.132802,0.120795,50.4043,121.0612,50.4689,121.0612,0.3657,0.0,0
C001,20,5,G020,0.127193,0.122953,41.4521,29.3832,41.4786,29.3832,0.0631,0.0,0
C001,20,6,G008,0.124621,0.123974,1.5281,0.0,1.7484,0.0,0.307,0.0,0
C002,12,1,C022,0.29708,0.180705,42.3443,16.5511,42.3925,16.5511,0.154,0.0,1
C002,12,2,C023,0.208079,0.198509,90.4916,132.7797,90.5981,132.7797,0.3657,0.0,0
C002,12,3,G011,0.133336,0.220762,81.3836,118.3636,81.3693,118.3636,0.1602,0.0,0
C002,12,4,C020,0.125322,0.223861,103.4572,124.3155,103.521,124.3155,0.4011,0.0,0
C002,12,5,G005,0.118593,0.22662,59.3018,104.0432,59.3084,104.0432,0.2445,0.0,0
C002,12,6,C017,0.117589,0.227046,66.9747,18.4222,66.9721,18.4222,0.4273,0.0,0
C002,16,1,C022,0.272748,0.19143,42.3443,16.5511,42.3925,16.5511,0.154,0.0,1
C002,16,2,C023,0.1992,0.207142,90.4916,132.7797,90.5981,132.7797,0.3657,0.0,0
C002,16,3,G011,0.153355,0.22022,81.3836,118.3636,81.3693,118.3636,0.1602,0.0,0
C002,16,4,C020,0.126785,0.229733,103.4572,124.3155,103.521,124.3155,0.4011,0.0,0
C002,16,5,C017,0.123963,0.230859,66.9747,18.4222,66.9721,18.4222,0.4273,0.0,0
C002,16,6,G005,0.123948,0.230865,59.3018,104.0432,59.3084,104.0432,0.2445,0.0,0
C002,20,1,C022,0.257037,0.194479,42.3443,16.5511,42.3925,16.5511,0.154,0.0,1
C002,20,2,C023,0.193567,0.208659,90.4916,132.7797,90.5981,132.7797,0.3657,0.0,0
C002,20,3,G011,0.165945,0.216357,81.3836,118.3636,81.3693,118.3636,0.1602,0.0,0
C002,20,4,C020,0.129874,0.228612,103.4572,124.3155,103.521,124.3155,0.4011,0.0,0
C002,20,5,C017,0.129458,0.228772,66.9747,18.4222,66.9721,18.4222,0.4273,0.0,0
C002,20,6,G020,0.124118,0.230878,68.6579,108.0912,68.6622,108.0912,0.0631,0.0,0
C003,12,1,C005,0.456526,0.012663,10.254,28.8847,10.5179,28.8847,0.6181,0.0,1
C003,12,2,G015,0.184052,0.058084,15.4984,28.8847,15.346,28.8847,0.432,0.0,0
C003,12,3,C016,0.166709,0.063033,62.9584,133.5319,62.9437,133.5319,0.0631,0.0,0
C003,12,4,C013,0.07634,0.102085,1.297,0.0,1.7085,0.0,0.4728,0.0,0
C003,12,5,G007,0.0652,0.109972,8.1315,0.0,8.1818,0.0,0.5321,0.0,0
C003,12,6,C015,0.051173,0.122085,10.5487,28.8847,10.7141,28.8847,0.3547,0.0,0
C003,16,1,C005,0.467325,0.006317,10.254,28.8847,10.5179,28.8847,0.6181,0.0,1
C003,16,2,C016,0.16991,0.056905,62.9584,133.5319,62.9437,133.5319,0.0631,0.0,0
C003,16,3,G015,0.1674,0.057649,15.4984,28.8847,15.346,28.8847,0.432,0.0,0
C003,16,4,C013,0.079773,0.094709,1.297,0.0,1.7085,0.0,0.4728,0.0,0
C003,16,5,G007,0.060726,0.10835,8.1315,0.0,8.1818,0.0,0.5321,0.0,0
C003,16,6,C015,0.054867,0.113423,10.5487,28.8847,10.7141,28.8847,0.3547,0.0,0
C003,20,1,C005,0.472837,0.003231,10.254,28.8847,10.5179,28.8847,0.6181,0.0,1
C003,20,2,C016,0.174378,0.053107,62.9584,133.5319,62.9437,133.5319,0.0631,0.0,0
C003,20,3,G015,0.152368,0.059853,15.4984,28.8847,15.346,28.8847,0.432,0.0,0
C003,20,4,C013,0.084367,0.08941,1.297,0.0,1.7085,0.0,0.4728,0.0,0
C003,20,5,G007,0.059798,0.106619,8.1315,0.0,8.1818,0.0,0.5321,0.0,0
C003,20,6,C012,0.056252,0.109676,46.3046,130.3039,46.2001,130.3039,0.3779,0.0,0
C004,12,1,C011,0.214792,0.013988,11.7499,19.0121,11.9284,19.0121,0.2504,0.0,1
C004,12,2,C027,0.213218,0.014356,12.249,19.0121,12.3583,19.0121,0.2507,0.0,0
C004,12,3,C008,0.21037,0.015028,0.6213,0.0,0.8213,0.0,0.4079,0.0,0
C004,12,4,C024,0.178649,0.0232,1.8606,0.0,1.9585,0.0,0.3372,0.0,0
C004,12,5,G014,0.095207,0.054669,29.7768,50.4975,29.6643,50.4975,0.2862,0.0,0
C004,12,6,C009,0.087764,0.058739,30.5621,50.4975,30.6534,50.4975,0.2481,0.0,0
C004,16,1,C008,0.224586,0.006881,0.6213,0.0,0.8213,0.0,0.4079,0.0,1
C004,16,2,C011,0.222536,0.007339,11.7499,19.0121,11.9284,19.0121,0.2504,0.0,0
C004,16,3,C027,0.216998,0.0086,12.249,19.0121,12.3583,19.0121,0.2507,0.0,0
C004,16,4,C024,0.160977,0.023531,1.8606,0.0,1.9585,0.0,0.3372,0.0,0
C004,16,5,G014,0.090977,0.052064,29.7768,50.4975,29.6643,50.4975,0.2862,0.0,0
C004,16,6,C009,0.083925,0.056098,30.5621,50.4975,30.6534,50.4975,0.2481,0.0,0
C004,20,1,C008,0.251572,0.002498,0.6213,0.0,0.8213,0.0,0.4079,0.0,1
C004,20,2,C011,0.227792,0.007462,11.7499,19.0121,11.9284,19.0121,0.2504,0.0,0
C004,20,3,C027,0.216069,0.010104,12.249,19.0121,12.3583,19.0121,0.2507,0.0,0
C004,20,4,C024,0.143368,0.030613,1.8606,0.0,1.9585,0.0,0.3372,0.0,0
C004,20,5,G014,0.083842,0.057437,29.7768,50.4975,29.6643,50.4975,0.2862,0.0,0
C004,20,6,C009,0.077356,0.061463,30.5621,50.4975,30.6534,50.4975,0.2481,0.0,0
C005,12,1,C003,0.523696,0.009197,10.254,28.8847,10.4224,28.8847,0.7109,0.0,1
C005,12,2,C016,0.149256,0.071959,61.9183,107.5821,61.9064,107.5821,0.0631,0.0,0
C005,12,3,G015,0.139971,0.07517,5.7305,0.0,5.5899,0.0,0.432,0.0,0
C005,12,4,C015,0.071669,0.108639,1.7227,0.0,1.903,0.0,0.3547,0.0,0
C005,12,5,C013,0.065713,0.112977,11.4155,28.8847,11.3794,28.8847,0.4728,0.0,0
C005,12,6,C007,0.049694,0.126947,97.2726,123.2109,97.3112,123.2109,0.1337,0.0,0
C005,16,1,C003,0.522067,0.005055,10.254,28.8847,10.4224,28.8847,0.7109,0.0,1
C005,16,2,C016,0.152029,0.066741,61.9183,107.5821,61.9064,107.5821,0.0631,0.0,0
C005,16,3,G015,0.128052,0.075323,5.7305,0.0,5.5899,0.0,0.432,0.0,0
C005,16,4,C015,0.077093,0.100695,1.7227,0.0,1.903,0.0,0.3547,0.0,0
C005,16,5,C013,0.069475,0.105897,11.4155,28.8847,11.3794,28.8847,0.4728,0.0,0
C005,16,6,C007,0.051285,0.121075,97.2726,123.2109,97.3112,123.2109,0.1337,0.0,0
C005,20,1,C003,0.523849,0.003231,10.254,28.8847,10.4224,28.8847,0.7109,0.0,1
C005,20,2,C016,0.156546,0.063623,61.9183,107.5821,61.9064,107.5821,0.0631,0.0,0
C005,20,3,G015,0.116352,0.07846,5.7305,0.0,5.5899,0.0,0.432,0.0,0
C005,20,4,C015,0.076147,0.099658,1.7227,0.0,1.903,0.0,0.3547,0.0,0
C005,20,5,C013,0.073688,0.101299,11.4155,28.8847,11.3794,28.8847,0.4728,0.0,0
C005,20,6,C007,0.053419,0.117382,97.2726,123.2109,97.3112,123.2109,0.1337,0.0,0
C006,12,1,G002,0.582637,0.052363,73.1689,92.475,73.2944,92.475,0.2737,0.0,1
C006,12,2,G019,0.227324,0.099422,54.0554,48.9543,54.0058,48.9543,0.1879,0.0,0
C006,12,3,C014,0.067366,0.160234,50.1763,29.9471,50.0396,29.9471,0.326,0.0,0
C006,12,4,C026,0.042419,0.183361,62.4222,89.5387,62.4953,89.5387,0.2674,0.0,0
C006,12,5,G018,0.041652,0.184273,63.0674,89.5387,62.9941,89.5387,0.3356,0.0,0
C006,12,6,C025,0.038601,0.188077,61.1706,80.4111,61.1536,80.4111,0.2475,0.0,0
C006,16,1,G002,0.588684,0.047634,73.1689,92.475,73.2944,92.475,0.2737,0.0,1
C006,16,2,G019,0.217394,0.097443,54.0554,48.9543,54.0058,48.9543,0.1879,0.0,0
C006,16,3,C014,0.068986,0.154833,50.1763,29.9471,50.0396,29.9471,0.326,0.0,0
C006,16,4,G018,0.04264,0.178889,63.0674,89.5387,62.9941,89.5387,0.3356,0.0,0
C006,16,5,C026,0.042533,0.179014,62.4222,89.5387,62.4953,89.5387,0.2674,0.0,0
C006,16,6,C025,0.039763,0.182381,61.1706,80.4111,61.1536,80.4111,0.2475,0.0,0
C006,20,1,G002,0.587898,0.049413,73.1689,92.475,73.2944,92.475,0.2737,0.0,1
C006,20,2,G019,0.220418,0.098464,54.0554,48.9543,54.0058,48.9543,0.1879,0.0,0
C006,20,3,C014,0.069044,0.156504,50.1763,29.9471,50.0396,29.9471,0.326,0.0,0
C006,20,4,C026,0.042315,0.180983,62.4222,89.5387,62.4953,89.5387,0.2674,0.0,0
C006,20,5,G018,0.041561,0.181883,63.0674,89.5387,62.9941,89.5387,0.3356,0.0,0
C006,20,6,C025,0.038764,0.185366,61.1706,80.4111,61.1536,80.4111,0.2475,0.0,0
C007,12,1,G006,0.285997,0.044773,50.6968,133.3524,50.7716,133.3524,0.3709,0.0,1
C007,12,2,C016,0.21392,0.059292,81.2465,35.1754,81.2149,35.1754,0.0631,0.0,0
C007,12,3,C015,0.150011,0.077037,97.5061,123.2109,97.6214,123.2109,0.3547,0.0,0
C007,12,4,C022,0.130936,0.083837,100.4022,66.6392,100.4323,66.6392,0.154,0.0,0
C007,12,5,C013,0.112288,0.091519,93.7389,145.086,93.8405,145.086,0.4728,0.0,0
C007,12,6,G010,0.106847,0.094002,113.602,61.5668,113.7533,61.5668,0.276,0.0,0
C007,16,1,G006,0.282226,0.045248,50.6968,133.3524,50.7716,133.3524,0.3709,0.0,1
C007,16,2,C016,0.214686,0.058925,81.2465,35.1754,81.2149,35.1754,0.0631,0.0,0
C007,16,3,C015,0.152814,0.075922,97.5061,123.2109,97.6214,123.2109,0.3547,0.0,0
C007,16,4,C022,0.128856,0.084449,100.4022,66.6392,100.4323,66.6392,0.154,0.0,0
C007,16,5,C013,0.115009,0.090133,93.7389,145.086,93.8405,145.086,0.4728,0.0,0
C007,16,6,G010,0.106409,0.094019,113.602,61.5668,113.7533,61.5668,0.276,0.0,0
C007,20,1,G006,0.26317,0.04636,50.6968,133.3524,50.7716,133.3524,0.3709,0.0,1
C007,20,2,C016,0.216543,0.056111,81.2465,35.1754,81.2149,35.1754,0.0631,0.0,0
C007,20,3,C015,0.151351,0.07402,97.5061,123.2109,97.6214,123.2109,0.3547,0.0,0
C007,20,4,C022,0.131512,0.081045,100.4022,66.6392,100.4323,66.6392,0.154,0.0,0
C007,20,5,C013,0.125342,0.083448,93.7389,145.086,93.8405,145.086,0.4728,0.0,0
C007,20,6,C012,0.112082,0.089039,56.6527,64.7807,56.7604,64.7807,0.3779,0.0,0
C008,12,1,C004,0.230438,0.009624,0.6213,0.0,0.8238,0.0,0.3677,0.0,1
C008,12,2,C011,0.210256,0.014207,12.2784,19.0121,12.4566,19.0121,0.2504,0.0,0
C008,12,3,C027,0.207985,0.01475,12.7854,19.0121,12.8872,19.0121,0.2507,0.0,0
C008,12,4,C024,0.159767,0.027938,2.4216,0.0,2.5122,0.0,0.3372,0.0,0
C008,12,5,G014,0.098223,0.052262,30.3324,50.4975,30.2202,50.4975,0.2862,0.0,0
C008,12,6,C009,0.093332,0.054815,31.1173,50.4975,31.2077,50.4975,0.2481,0.0,0
C008,16,1,C004,0.239052,0.003811,0.6213,0.0,0.8238,0.0,0.3677,0.0,1
C008,16,2,C011,0.216538,0.008757,12.2784,19.0121,12.4566,19.0121,0.2504,0.0,0
C008,16,3,C027,0.211425,0.009952,12.7854,19.0121,12.8872,19.0121,0.2507,0.0,0
C008,16,4,C024,0.151599,0.026583,2.4216,0.0,2.5122,0.0,0.3372,0.0,0
C008,16,5,G014,0.093164,0.050927,30.3324,50.4975,30.2202,50.4975,0.2862,0.0,0
C008,16,6,C009,0.088222,0.053653,31.1173,50.4975,31.2077,50.4975,0.2481,0.0,0
C008,20,1,C004,0.258474,0.002498,0.6213,0.0,0.8238,0.0,0.3677,0.0,1
C008,20,2,C011,0.222962,0.009887,12.2784,19.0121,12.4566,19.0121,0.2504,0.0,0
C008,20,3,C027,0.212174,0.012367,12.7854,19.0121,12.8872,19.0121,0.2507,0.0,0
C008,20,4,C024,0.139106,0.033475,2.4216,0.0,2.5122,0.0,0.3372,0.0,0
C008,20,5,G014,0.086025,0.057505,30.3324,50.4975,30.2202,50.4975,0.2862,0.0,0
C008,20,6,C009,0.081259,0.060355,31.1173,50.4975,31.2077,50.4975,0.2481,0.0,0
C009,12,1,C025,0.186506,0.004848,0.1253,0.0,0.3282,0.0,0.2475,0.0,1
C009,12,2,G018,0.183285,0.005719,8.1956,9.9518,8.3531,9.9518,0.3356,0.0,0
C009,12,3,G014,0.180383,0.006517,1.0596,0.0,1.2093,0.0,0.2862,0.0,0
C009,12,4,C010,0.173988,0.008322,7.8848,9.9518,8.0071,9.9518,0.2908,0.0,0
C009,12,5,C026,0.170569,0.009314,8.4467,9.9518,8.5242,9.9518,0.2674,0.0,0
C009,12,6,C014,0.105269,0.033445,27.682,50.4975,27.4699,50.4975,0.326,0.0,0
C009,16,1,C025,0.187787,0.001666,0.1253,0.0,0.3282,0.0,0.2475,0.0,1
C009,16,2,G014,0.184755,0.00248,1.0596,0.0,1.2093,0.0,0.2862,0.0,0
C009,16,3,G018,0.182856,0.002997,8.1956,9.9518,8.3531,9.9518,0.3356,0.0,0
C009,16,4,C010,0.173272,0.005689,7.8848,9.9518,8.0071,9.9518,0.2908,0.0,0
C009,16,5,C026,0.166957,0.007545,8.4467,9.9518,8.5242,9.9518,0.2674,0.0,0
C009,16,6,C014,0.104373,0.031033,27.682,50.4975,27.4699,50.4975,0.326,0.0,0
C009,20,1,C025,0.192564,0.000676,0.1253,0.0,0.3282,0.0,0.2475,0.0,1
C009,20,2,G014,0.19222,0.000765,1.0596,0.0,1.2093,0.0,0.2862,0.0,0
C009,20,3,G018,0.18091,0.003797,8.1956,9.9518,8.3531,9.9518,0.3356,0.0,0
C009,20,4,C010,0.170398,0.00679,7.8848,9.9518,8.0071,9.9518,0.2908,0.0,0
C009,20,5,C026,0.16168,0.009416,8.4467,9.9518,8.5242,9.9518,0.2674,0.0,0
C009,20,6,C014,0.102227,0.032337,27.682,50.4975,27.4699,50.4975,0.326,0.0,0
C010,12,1,C026,0.203087,0.003918,0.5945,0.0,0.7917,0.0,0.2674,0.0,1
C010,12,2,G018,0.19765,0.005275,0.7783,0.0,0.9317,0.0,0.3356,0.0,0
C010,12,3,C025,0.178307,0.010424,7.7832,9.9518,7.7651,9.9518,0.2475,0.0,0
C010,12,4,C009,0.170006,0.012808,7.8848,9.9518,7.8439,9.9518,0.2481,0.0,0
C010,12,5,G014,0.158957,0.016168,8.8969,9.9518,8.9994,9.9518,0.2862,0.0,0
C010,12,6,G019,0.091994,0.043513,19.6103,40.6074,19.5447,40.6074,0.1879,0.0,0
C010,16,1,C026,0.200873,0.002194,0.5945,0.0,0.7917,0.0,0.2674,0.0,1
C010,16,2,G018,0.196868,0.003201,0.7783,0.0,0.9317,0.0,0.3356,0.0,0
C010,16,3,C025,0.179382,0.007851,7.7832,9.9518,7.7651,9.9518,0.2475,0.0,0
C010,16,4,C009,0.173152,0.009619,7.8848,9.9518,7.8439,9.9518,0.2481,0.0,0
C010,16,5,G014,0.161885,0.012983,8.8969,9.9518,8.9994,9.9518,0.2862,0.0,0
C010,16,6,G019,0.087838,0.043553,19.6103,40.6074,19.5447,40.6074,0.1879,0.0,0
C010,20,1,C026,0.198363,0.001275,0.5945,0.0,0.7917,0.0,0.2674,0.0,1
C010,20,2,G018,0.195692,0.001953,0.7783,0.0,0.9317,0.0,0.3356,0.0,0
C010,20,3,C025,0.182255,0.00551,7.7832,9.9518,7.7651,9.9518,0.2475,0.0,0
C010,20,4,C009,0.177648,0.00679,7.8848,9.9518,7.8439,9.9518,0.2481,0.0,0
C010,20,5,G014,0.165205,0.010421,8.8969,9.9518,8.9994,9.9518,0.2862,0.0,0
C010,20,6,C014,0.080837,0.046159,33.8061,59.5936,33.5876,59.5936,0.326,0.0,0
C011,12,1,C027,0.225769,0.006159,0.5713,0.0,0.6761,0.0,0.2507,0.0,1
C011,12,2,C024,0.180178,0.017437,9.9585,19.0121,10.0208,19.0121,0.3372,0.0,0
C011,12,3,C004,0.169671,0.020441,11.7499,19.0121,11.879,19.0121,0.3677,0.0,0
C011,12,4,C008,0.156183,0.024583,12.2784,19.0121,12.3816,19.0121,0.4079,0.0,0
C011,12,5,G014,0.139022,0.030403,19.0907,31.4996,19.0247,31.4996,0.2862,0.0,0
C011,12,6,C009,0.129177,0.034075,19.9418,31.4996,20.035,31.4996,0.2481,0.0,0
C011,16,1,C027,0.229311,0.001788,0.5713,0.0,0.6761,0.0,0.2507,0.0,1
C011,16,2,C004,0.181514,0.013476,11.7499,19.0121,11.879,19.0121,0.3677,0.0,0
C011,16,3,C008,0.168198,0.017285,12.2784,19.0121,12.3816,19.0121,0.4079,0.0,0
C011,16,4,C024,0.160777,0.019541,9.9585,19.0121,10.0208,19.0121,0.3372,0.0,0
C011,16,5,G014,0.134751,0.028371,19.0907,31.4996,19.0247,31.4996,0.2862,0.0,0
C011,16,6,C009,0.125449,0.031947,19.9418,31.4996,20.035,31.4996,0.2481,0.0,0
C011,20,1,C027,0.230122,0.00076,0.5713,0.0,0.6761,0.0,0.2507,0.0,1
C011,20,2,C004,0.201253,0.007462,11.7499,19.0121,11.879,19.0121,0.3677,0.0,0
C011,20,3,C008,0.191726,0.009887,12.2784,19.0121,12.3816,19.0121,0.4079,0.0,0
C011,20,4,C024,0.146014,0.023505,9.9585,19.0121,10.0208,19.0121,0.3372,0.0,0
C011,20,5,G014,0.119957,0.033334,19.0907,31.4996,19.0247,31.4996,0.2862,0.0,0
C011,20,6,C009,0.110928,0.037247,19.9418,31.4996,20.035,31.4996,0.2481,0.0,0
C012,12,1,C013,0.337148,0.019727,45.0701,130.3039,45.2155,130.3039,0.4728,0.0,1
C012,12,2,G009,0.187314,0.049114,7.373,1.1024,7.5581,1.1024,0.4432,0.0,0
C012,12,3,C016,0.138481,0.064217,55.2926,90.7794,55.2713,90.7794,0.0631,0.0,0
C012,12,4,G006,0.135339,0.065364,58.9641,118.2945,58.9241,118.2945,0.3709,0.0,0
C012,12,5,G007,0.107047,0.07709,53.3742,130.3039,53.379,130.3039,0.5321,0.0,0
C012,12,6,C007,0.094671,0.083233,56.6527,64.7807,56.6959,64.7807,0.1337,0.0,0
C012,16,1,C013,0.330266,0.019136,45.0701,130.3039,45.2155,130.3039,0.4728,0.0,1
C012,16,2,G009,0.180601,0.049317,7.373,1.1024,7.5581,1.1024,0.4432,0.0,0
C012,16,3,G006,0.152858,0.057656,58.9641,118.2945,58.9241,118.2945,0.3709,0.0,0
C012,16,4,C016,0.133147,0.064559,55.2926,90.7794,55.2713,90.7794,0.0631,0.0,0
C012,16,5,C007,0.105418,0.076234,56.6527,64.7807,56.6959,64.7807,0.1337,0.0,0
C012,16,6,G007,0.09771,0.080031,53.3742,130.3039,53.379,130.3039,0.5321,0.0,0
C012,20,1,C013,0.356895,0.004706,45.0701,130.3039,45.2155,130.3039,0.4728,0.0,1
C012,20,2,G009,0.241069,0.024324,7.373,1.1024,7.5581,1.1024,0.4432,0.0,0
C012,20,3,C016,0.133793,0.053764,55.2926,90.7794,55.2713,90.7794,0.0631,0.0,0
C012,20,4,G007,0.113809,0.061852,53.3742,130.3039,53.379,130.3039,0.5321,0.0,0
C012,20,5,G006,0.088263,0.074562,58.9641,118.2945,58.9241,118.2945,0.3709,0.0,0
C012,20,6,C019,0.06617,0.088967,78.4717,103.8458,78.2996,103.8458,0.2666,0.0,0
C013,12,1,C012,0.322924,0.018878,45.0701,130.3039,44.9732,130.3039,0.3779,0.0,1
C013,12,2,G009,0.187074,0.046173,51.1498,130.1676,51.1772,130.1676,0.4432,0.0,0
C013,12,3,C016,0.175598,0.049339,62.8629,133.5319,62.8522,133.5319,0.0631,0.0,0
C013,12,4,G007,0.121065,0.067932,8.8096,0.0,8.8584,0.0,0.5321,0.0,0
C013,12,5,G006,0.103456,0.075791,52.6782,12.242,52.6345,12.242,0.3709,0.0,0
C013,12,6,C007,0.089883,0.082823,93.7389,145.086,93.7784,145.086,0.1337,0.0,0
C013,16,1,C012,0.332517,0.012275,45.0701,130.3039,44.9732,130.3039,0.3779,0.0,1
C013,16,2,G009,0.174763,0.044438,51.1498,130.1676,51.1772,130.1676,0.4432,0.0,0
C013,16,3,C016,0.167883,0.046446,62.8629,133.5319,62.8522,133.5319,0.0631,0.0,0
C013,16,4,G006,0.120745,0.062925,52.6782,12.242,52.6345,12.242,0.3709,0.0,0
C013,16,5,G007,0.107081,0.06893,8.8096,0.0,8.8584,0.0,0.5321,0.0,0
C013,16,6,C007,0.097012,0.073868,93.7389,145.086,93.7784,145.086,0.1337,0.0,0
C013,20,1,C012,0.33723,0.004706,45.0701,130.3039,44.9732,130.3039,0.3779,0.0,1
C013,20,2,G009,0.207269,0.029044,51.1498,130.1676,51.1772,130.1676,0.4432,0.0,0
C013,20,3,C016,0.167222,0.039778,62.8629,133.5319,62.8522,133.5319,0.0631,0.0,0
C013,20,4,G007,0.116998,0.057637,8.8096,0.0,8.8584,0.0,0.5321,0.0,0
C013,20,5,G015,0.090521,0.070465,15.7804,28.8847,15.63,28.8847,0.432,0.0,0
C013,20,6,G006,0.08076,0.07617,52.6782,12.242,52.6345,12.242,0.3709,0.0,0
C014,12,1,G019,0.20892,0.023504,15.7946,19.0121,15.861,19.0121,0.1879,0.0,1
C014,12,2,G014,0.182734,0.030201,26.8744,50.4975,26.7589,50.4975,0.2862,0.0,0
C014,12,3,C025,0.170162,0.033764,27.7705,50.4975,27.8566,50.4975,0.2475,0.0,0
C014,12,4,C009,0.168076,0.034381,27.682,50.4975,27.779,50.4975,0.2481,0.0,0
C014,12,5,G018,0.143409,0.042317,34.1243,59.5936,34.1714,59.5936,0.3356,0.0,0
C014,12,6,C010,0.126699,0.048512,33.8061,59.5936,33.8224,59.5936,0.2908,0.0,0
C014,16,1,G019,0.203862,0.023172,15.7946,19.0121,15.861,19.0121,0.1879,0.0,1
C014,16,2,G014,0.184881,0.028059,26.8744,50.4975,26.7589,50.4975,0.2862,0.0,0
C014,16,3,C025,0.170174,0.032204,27.7705,50.4975,27.8566,50.4975,0.2475,0.0,0
C014,16,4,C009,0.169441,0.032419,27.682,50.4975,27.779,50.4975,0.2481,0.0,0
C014,16,5,G018,0.144429,0.040405,34.1243,59.5936,34.1714,59.5936,0.3356,0.0,0
C014,16,6,C010,0.127213,0.046751,33.8061,59.5936,33.8224,59.5936,0.2908,0.0,0
C014,20,1,G019,0.200861,0.023878,15.7946,19.0121,15.861,19.0121,0.1879,0.0,1
C014,20,2,G014,0.185225,0.02793,26.8744,50.4975,26.7589,50.4975,0.2862,0.0,0
C014,20,3,C025,0.171127,0.031888,27.7705,50.4975,27.8566,50.4975,0.2475,0.0,0
C014,20,4,C009,0.169598,0.032337,27.682,50.4975,27.779,50.4975,0.2481,0.0,0
C014,20,5,G018,0.144552,0.040327,34.1243,59.5936,34.1714,59.5936,0.3356,0.0,0
C014,20,6,C010,0.128637,0.046159,33.8061,59.5936,33.8224,59.5936,0.2908,0.0,0
C015,12,1,C016,0.224828,0.084357,61.6393,107.5821,61.6307,107.5821,0.0631,0.0,1
C015,12,2,C007,0.216935,0.086144,97.5061,123.2109,97.5444,123.2109,0.1337,0.0,0
C015,12,3,C005,0.155337,0.102844,1.7227,0.0,1.9753,0.0,0.6181,0.0,0
C015,12,4,C013,0.137307,0.109012,9.9128,28.8847,9.8768,28.8847,0.4728,0.0,0
C015,12,5,G005,0.135717,0.109595,83.3718,130.9996,83.3399,130.9996,0.2445,0.0,0
C015,12,6,C017,0.129875,0.111795,53.0148,120.1833,53.2627,120.1833,0.4273,0.0,0
C015,16,1,C007,0.250119,0.074784,97.5061,123.2109,97.5444,123.2109,0.1337,0.0,1
C015,16,2,C016,0.203893,0.085001,61.6393,107.5821,61.6307,107.5821,0.0631,0.0,0
C015,16,3,G005,0.150888,0.100054,83.3718,130.9996,83.3399,130.9996,0.2445,0.0,0
C015,16,4,C005,0.132722,0.106468,1.7227,0.0,1.9753,0.0,0.6181,0.0,0
C015,16,5,C013,0.131368,0.10698,9.9128,28.8847,9.8768,28.8847,0.4728,0.0,0
C015,16,6,C017,0.131011,0.107117,53.0148,120.1833,53.2627,120.1833,0.4273,0.0,0
C015,20,1,C007,0.243637,0.07402,97.5061,123.2109,97.5444,123.2109,0.1337,0.0,1
C015,20,2,C016,0.20332,0.083065,61.6393,107.5821,61.6307,107.5821,0.0631,0.0,0
C015,20,3,C005,0.145901,0.099658,1.7227,0.0,1.9753,0.0,0.6181,0.0,0
C015,20,4,G005,0.140596,0.10151,83.3718,130.9996,83.3399,130.9996,0.2445,0.0,0
C015,20,5,C013,0.140579,0.101516,9.9128,28.8847,9.8768,28.8847,0.4728,0.0,0
C015,20,6,C017,0.125968,0.107003,53.0148,120.1833,53.2627,120.1833,0.4273,0.0,0
C016,12,1,C013,0.215907,0.052027,62.8629,133.5319,62.8901,133.5319,0.4728,0.0,1
C016,12,2,C003,0.173405,0.062988,62.9584,133.5319,62.9669,133.5319,0.7109,0.0,0
C016,12,3,C007,0.171396,0.06357,81.2465,35.1754,81.2611,35.1754,0.1337,0.0,0
C016,12,4,C012,0.149729,0.070328,55.2926,90.7794,55.2911,90.7794,0.3779,0.0,0
C016,12,5,G015,0.149471,0.070414,63.7446,107.5821,63.6495,107.5821,0.432,0.0,0
C016,12,6,C005,0.140093,0.073654,61.9183,107.5821,61.8978,107.5821,0.6181,0.0,0
C016,16,1,C013,0.218786,0.049507,62.8629,133.5319,62.8901,133.5319,0.4728,0.0,1
C016,16,2,C007,0.181573,0.058829,81.2465,35.1754,81.2611,35.1754,0.1337,0.0,0
C016,16,3,C003,0.168075,0.062691,62.9584,133.5319,62.9669,133.5319,0.7109,0.0,0
C016,16,4,C012,0.157539,0.065928,55.2926,90.7794,55.2911,90.7794,0.3779,0.0,0
C016,16,5,G015,0.137407,0.072764,63.7446,107.5821,63.6495,107.5821,0.432,0.0,0
C016,16,6,C005,0.136619,0.073052,61.9183,107.5821,61.8978,107.5821,0.6181,0.0,0
C016,20,1,C013,0.223731,0.039778,62.8629,133.5319,62.8901,133.5319,0.4728,0.0,1
C016,20,2,C003,0.171378,0.053107,62.9584,133.5319,62.9669,133.5319,0.7109,0.0,0
C016,20,3,C012,0.169142,0.053764,55.2926,90.7794,55.2911,90.7794,0.3779,0.0,0
C016,20,4,C007,0.161385,0.056111,81.2465,35.1754,81.2611,35.1754,0.1337,0.0,0
C016,20,5,C005,0.138871,0.063623,61.9183,107.5821,61.8978,107.5821,0.6181,0.0,0
C016,20,6,G015,0.135493,0.064855,63.7446,107.5821,63.6495,107.5821,0.432,0.0,0
C017,12,1,C020,0.24337,0.008348,42.792,120.1833,42.898,120.1833,0.4011,0.0,1
C017,12,2,C018,0.229721,0.011234,38.1696,130.3039,38.2504,130.3039,0.4193,0.0,0
C017,12,3,G011,0.208712,0.016029,34.5183,103.4633,34.4654,103.4633,0.1602,0.0,0
C017,12,4,C021,0.150507,0.032376,48.7247,90.7794,48.6457,90.7794,0.1784,0.0,0
C017,12,5,C023,0.085725,0.06052,103.2431,126.0274,103.4842,126.0274,0.3657,0.0,0
C017,12,6,C022,0.081965,0.062762,77.1423,1.8753,77.2037,1.8753,0.154,0.0,0
C017,16,1,C020,0.246964,0.004108,42.792,120.1833,42.898,120.1833,0.4011,0.0,1
C017,16,2,C018,0.23423,0.006755,38.1696,130.3039,38.2504,130.3039,0.4193,0.0,0
C017,16,3,G011,0.206296,0.013104,34.5183,103.4633,34.4654,103.4633,0.1602,0.0,0
C017,16,4,C021,0.155307,0.027299,48.7247,90.7794,48.6457,90.7794,0.1784,0.0,0
C017,16,5,C023,0.081224,0.059709,103.2431,126.0274,103.4842,126.0274,0.3657,0.0,0
C017,16,6,C022,0.075979,0.063047,77.1423,1.8753,77.2037,1.8753,0.154,0.0,0
C017,20,1,C020,0.253071,0.001846,42.792,120.1833,42.898,120.1833,0.4011,0.0,1
C017,20,2,C018,0.242191,0.004043,38.1696,130.3039,38.2504,130.3039,0.4193,0.0,0
C017,20,3,G011,0.19907,0.013847,34.5183,103.4633,34.4654,103.4633,0.1602,0.0,0
C017,20,4,C021,0.166096,0.022902,48.7247,90.7794,48.6457,90.7794,0.1784,0.0,0
C017,20,5,C023,0.072542,0.064322,103.2431,126.0274,103.4842,126.0274,0.3657,0.0,0
C017,20,6,C022,0.06703,0.068273,77.1423,1.8753,77.2037,1.8753,0.154,0.0,0
C018,12,1,C020,0.247956,0.006717,9.4343,28.8847,9.5569,28.8847,0.4011,0.0,1
C018,12,2,C017,0.231677,0.010112,38.1696,130.3039,38.4371,130.3039,0.4273,0.0,0
C018,12,3,C021,0.194509,0.018855,54.6055,133.5319,54.5318,133.5319,0.1784,0.0,0
C018,12,4,G011,0.148626,0.032307,38.6838,110.147,38.6873,110.147,0.1602,0.0,0
C018,12,5,C022,0.095198,0.054581,106.288,130.0776,106.3604,130.0776,0.154,0.0,0
C018,12,6,C023,0.082034,0.062023,86.0789,47.6665,86.3021,47.6665,0.3657,0.0,0
C018,16,1,C020,0.250772,0.002268,9.4343,28.8847,9.5569,28.8847,0.4011,0.0,1
C018,16,2,C017,0.235549,0.0054,38.1696,130.3039,38.4371,130.3039,0.4273,0.0,0
C018,16,3,C021,0.196805,0.014385,54.6055,133.5319,54.5318,133.5319,0.1784,0.0,0
C018,16,4,G011,0.149661,0.028077,38.6838,110.147,38.6873,110.147,0.1602,0.0,0
C018,16,5,C022,0.088111,0.054565,106.288,130.0776,106.3604,130.0776,0.154,0.0,0
C018,16,6,C023,0.079103,0.059958,86.0789,47.6665,86.3021,47.6665,0.3657,0.0,0
C018,20,1,C020,0.255429,0.000534,9.4343,28.8847,9.5569,28.8847,0.4011,0.0,1
C018,20,2,C017,0.238118,0.004043,38.1696,130.3039,38.4371,130.3039,0.4273,0.0,0
C018,20,3,C021,0.21073,0.010153,54.6055,133.5319,54.5318,133.5319,0.1784,0.0,0
C018,20,4,G011,0.142108,0.029852,38.6838,110.147,38.6873,110.147,0.1602,0.0,0
C018,20,5,C022,0.077753,0.060005,106.288,130.0776,106.3604,130.0776,0.154,0.0,0
C018,20,6,G010,0.075862,0.061236,72.8473,112.115,73.0044,112.115,0.276,0.0,0
C019,12,1,G006,0.253673,0.068271,102.2699,102.9472,102.1708,102.9472,0.3709,0.0,1
C019,12,2,G010,0.238614,0.071331,0.7123,0.0,0.8129,0.0,0.276,0.0,0
C019,12,3,C007,0.156257,0.092498,113.3183,61.5668,113.3462,61.5668,0.1337,0.0,0
C019,12,4,C012,0.139802,0.098062,78.4717,103.8458,78.3806,103.8458,0.3779,0.0,0
C019,12,5,C013,0.116203,0.107306,64.8295,112.115,64.7893,112.115,0.4728,0.0,0
C019,12,6,C021,0.095451,0.117142,49.1816,29.9471,49.2521,29.9471,0.1784,0.0,0
C019,16,1,G010,0.276157,0.057918,0.7123,0.0,0.8129,0.0,0.276,0.0,1
C019,16,2,G006,0.213852,0.070702,102.2699,102.9472,102.1708,102.9472,0.3709,0.0,0
C019,16,3,C012,0.140593,0.091673,78.4717,103.8458,78.3806,103.8458,0.3779,0.0,0
C019,16,4,C021,0.130292,0.095478,49.1816,29.9471,49.2521,29.9471,0.1784,0.0,0
C019,16,5,C013,0.122318,0.098635,64.8295,112.115,64.7893,112.115,0.4728,0.0,0
C019,16,6,C007,0.116788,0.100948,113.3183,61.5668,113.3462,61.5668,0.1337,0.0,0
C019,20,1,G010,0.286012,0.054035,0.7123,0.0,0.8129,0.0,0.276,0.0,1
C019,20,2,G006,0.186467,0.075425,102.2699,102.9472,102.1708,102.9472,0.3709,0.0,0
C019,20,3,C021,0.150453,0.086154,49.1816,29.9471,49.2521,29.9471,0.1784,0.0,0
C019,20,4,C012,0.142225,0.088967,78.4717,103.8458,78.3806,103.8458,0.3779,0.0,0
C019,20,5,C013,0.12496,0.095438,64.8295,112.115,64.7893,112.115,0.4728,0.0,0
C019,20,6,C018,0.109883,0.101866,72.5412,112.115,72.6267,112.115,0.4193,0.0,0
C020,12,1,C018,0.240725,0.007451,9.4343,28.8847,9.4945,28.8847,0.4193,0.0,1
C020,12,2,C017,0.237536,0.008117,42.792,120.1833,43.0301,120.1833,0.4273,0.0,0
C020,12,3,C021,0.178034,0.022535,54.0412,107.5821,53.9694,107.5821,0.1784,0.0,0
C020,12,4,G011,0.165056,0.026319,38.9466,82.3048,38.8889,82.3048,0.1602,0.0,0
C020,12,5,C022,0.09298,0.055014,108.3538,120.3635,108.4281,120.3635,0.154,0.0,0
C020,12,6,C023,0.085669,0.059109,83.2882,20.0512,83.5127,20.0512,0.3657,0.0,0
C020,16,1,C018,0.24352,0.00316,9.4343,28.8847,9.4945,28.8847,0.4193,0.0,1
C020,16,2,C017,0.241012,0.003678,42.792,120.1833,43.0301,120.1833,0.4273,0.0,0
C020,16,3,C021,0.180635,0.018096,54.0412,107.5821,53.9694,107.5821,0.1784,0.0,0
C020,16,4,G011,0.165734,0.022401,38.9466,82.3048,38.8889,82.3048,0.1602,0.0,0
C020,16,5,C022,0.086445,0.054945,108.3538,120.3635,108.4281,120.3635,0.154,0.0,0
C020,16,6,C023,0.082654,0.057187,83.2882,20.0512,83.5127,20.0512,0.3657,0.0,0
C020,20,1,C018,0.25165,0.000534,9.4343,28.8847,9.4945,28.8847,0.4193,0.0,1
C020,20,2,C017,0.245133,0.001846,42.792,120.1833,43.0301,120.1833,0.4273,0.0,0
C020,20,3,C021,0.193443,0.013687,54.0412,107.5821,53.9694,107.5821,0.1784,0.0,0
C020,20,4,G011,0.158996,0.023493,38.9466,82.3048,38.8889,82.3048,0.1602,0.0,0
C020,20,5,C022,0.07641,0.060131,108.3538,120.3635,108.4281,120.3635,0.154,0.0,0
C020,20,6,C023,0.074366,0.061486,83.2882,20.0512,83.5127,20.0512,0.3657,0.0,0
C021,12,1,C018,0.234995,0.017777,54.6055,133.5319,54.6625,133.5319,0.4193,0.0,1
C021,12,2,C020,0.218677,0.021375,54.0412,107.5821,54.0706,107.5821,0.4011,0.0,0
C021,12,3,C017,0.179936,0.031125,48.7247,90.7794,48.8655,90.7794,0.4273,0.0,0
C021,12,4,G010,0.147124,0.041191,49.6602,29.9471,49.7582,29.9471,0.276,0.0,0
C021,12,5,C022,0.13108,0.046965,72.7548,92.475,72.8284,92.475,0.154,0.0,0
C021,12,6,G006,0.088189,0.066781,74.7088,123.0334,74.6226,123.0334,0.3709,0.0,0
C021,16,1,C018,0.239872,0.010908,54.6055,133.5319,54.6625,133.5319,0.4193,0.0,1
C021,16,2,C020,0.225352,0.01403,54.0412,107.5821,54.0706,107.5821,0.4011,0.0,0
C021,16,3,C017,0.188689,0.022909,48.7247,90.7794,48.8655,90.7794,0.4273,0.0,0
C021,16,4,G010,0.135074,0.039622,49.6602,29.9471,49.7582,29.9471,0.276,0.0,0
C021,16,5,C022,0.117073,0.046774,72.7548,92.475,72.8284,92.475,0.154,0.0,0
C021,16,6,G011,0.09394,0.057781,20.9664,31.3667,20.9263,31.3667,0.1602,0.0,0
C021,20,1,C018,0.247688,0.010153,54.6055,133.5319,54.6625,133.5319,0.4193,0.0,1
C021,20,2,C020,0.230784,0.013687,54.0412,107.5821,54.0706,107.5821,0.4011,0.0,0
C021,20,3,C017,0.191942,0.022902,48.7247,90.7794,48.8655,90.7794,0.4273,0.0,0
C021,20,4,G010,0.136055,0.040108,49.6602,29.9471,49.7582,29.9471,0.276,0.0,0
C021,20,5,C022,0.103164,0.053945,72.7548,92.475,72.8284,92.475,0.154,0.0,0
C021,20,6,G011,0.090367,0.060567,20.9664,31.3667,20.9263,31.3667,0.1602,0.0,0
C022,12,1,C023,0.234869,0.032481,56.7662,126.4944,56.8429,126.4944,0.3657,0.0,1
C022,12,2,G005,0.174563,0.047318,47.0744,87.5207,47.0968,87.5207,0.2445,0.0,0
C022,12,3,C021,0.166843,0.04958,72.7548,92.475,72.8378,92.475,0.1784,0.0,0
C022,12,4,C018,0.14907,0.055212,106.288,130.0776,106.3872,130.0776,0.4193,0.0,0
C022,12,5,C020,0.148122,0.055531,108.3538,120.3635,108.4264,120.3635,0.4011,0.0,0
C022,12,6,C017,0.126532,0.063408,77.1423,1.8753,77.1558,1.8753,0.4273,0.0,0
C022,16,1,C023,0.29089,0.022681,56.7662,126.4944,56.8429,126.4944,0.3657,0.0,1
C022,16,2,C021,0.160925,0.052281,72.7548,92.475,72.8378,92.475,0.1784,0.0,0
C022,16,3,G005,0.149128,0.056088,47.0744,87.5207,47.0968,87.5207,0.2445,0.0,0
C022,16,4,C018,0.141071,0.058865,106.288,130.0776,106.3872,130.0776,0.4193,0.0,0
C022,16,5,C020,0.139855,0.059298,108.3538,120.3635,108.4264,120.3635,0.4011,0.0,0
C022,16,6,C017,0.118131,0.067738,77.1423,1.8753,77.1558,1.8753,0.4273,0.0,0
C022,20,1,C023,0.307583,0.019715,56.7662,126.4944,56.8429,126.4944,0.3657,0.0,1
C022,20,2,C021,0.155112,0.053945,72.7548,92.475,72.8378,92.475,0.1784,0.0,0
C022,20,3,G005,0.146368,0.056846,47.0744,87.5207,47.0968,87.5207,0.2445,0.0,0
C022,20,4,C018,0.137408,0.060005,106.288,130.0776,106.3872,130.0776,0.4193,0.0,0
C022,20,5,C020,0.137062,0.060131,108.3538,120.3635,108.4264,120.3635,0.4011,0.0,0
C022,20,6,C017,0.116466,0.068273,77.1423,1.8753,77.1558,1.8753,0.4273,0.0,0
C023,12,1,C022,0.270698,0.022142,56.7662,126.4944,56.8195,126.4944,0.154,0.0,1
C023,12,2,G005,0.161954,0.047827,57.7739,123.1447,57.7374,123.1447,0.2445,0.0,0
C023,12,3,G020,0.155974,0.049708,53.5468,97.7455,53.5786,97.7455,0.0631,0.0,0
C023,12,4,C020,0.142044,0.054386,83.2882,20.0512,83.2832,20.0512,0.4011,0.0,0
C023,12,5,C018,0.13613,0.056512,86.0789,47.6665,86.0376,47.6665,0.4193,0.0,0
C023,12,6,C017,0.1332,0.0576,103.2431,126.0274,103.4334,126.0274,0.4273,0.0,0
C023,16,1,C022,0.312161,0.018569,56.7662,126.4944,56.8195,126.4944,0.154,0.0,1
C023,16,2,G020,0.162993,0.051059,53.5468,97.7455,53.5786,97.7455,0.0631,0.0,0
C023,16,3,G005,0.136771,0.059829,57.7739,123.1447,57.7374,123.1447,0.2445,0.0,0
C023,16,4,C020,0.134548,0.060649,83.2882,20.0512,83.2832,20.0512,0.4011,0.0,0
C023,16,5,C018,0.127992,0.063146,86.0789,47.6665,86.0376,47.6665,0.4193,0.0,0
C023,16,6,C017,0.125535,0.064115,103.2431,126.0274,103.4334,126.0274,0.4273,0.0,0
C023,20,1,C022,0.309557,0.019715,56.7662,126.4944,56.8195,126.4944,0.154,0.0,1
C023,20,2,G020,0.166408,0.05075,53.5468,97.7455,53.5786,97.7455,0.0631,0.0,0
C023,20,3,G005,0.136225,0.060757,57.7739,123.1447,57.7374,123.1447,0.2445,0.0,0
C023,20,4,C020,0.134253,0.061486,83.2882,20.0512,83.2832,20.0512,0.4011,0.0,0
C023,20,5,C017,0.126851,0.064322,103.2431,126.0274,103.4334,126.0274,0.4273,0.0,0
C023,20,6,C018,0.126706,0.064379,86.0789,47.6665,86.0376,47.6665,0.4193,0.0,0
C024,12,1,C027,0.222743,0.040255,10.4633,19.0121,10.5763,19.0121,0.2507,0.0,1
C024,12,2,C011,0.198843,0.04593,9.9585,19.0121,10.1489,19.0121,0.2504,0.0,0
C024,12,3,C004,0.164216,0.055497,1.8606,0.0,2.0152,0.0,0.3677,0.0,0
C024,12,4,C008,0.150634,0.059814,2.4216,0.0,2.5465,0.0,0.4079,0.0,0
C024,12,5,C014,0.133262,0.065941,1.3903,0.0,1.6654,0.0,0.326,0.0,0
C024,12,6,G014,0.130303,0.067063,28.0951,50.4975,27.9821,50.4975,0.2862,0.0,0
C024,16,1,C027,0.224964,0.028841,10.4633,19.0121,10.5763,19.0121,0.2507,0.0,1
C024,16,2,C011,0.203143,0.033943,9.9585,19.0121,10.1489,19.0121,0.2504,0.0,0
C024,16,3,C004,0.168021,0.043434,1.8606,0.0,2.0152,0.0,0.3677,0.0,0
C024,16,4,C008,0.156957,0.04684,2.4216,0.0,2.5465,0.0,0.4079,0.0,0
C024,16,5,G014,0.126097,0.057786,28.0951,50.4975,27.9821,50.4975,0.2862,0.0,0
C024,16,6,C025,0.120818,0.059924,28.9797,50.4975,29.0632,50.4975,0.2475,0.0,0
C024,20,1,C027,0.222562,0.019846,10.4633,19.0121,10.5763,19.0121,0.2507,0.0,1
C024,20,2,C011,0.206856,0.023505,9.9585,19.0121,10.1489,19.0121,0.2504,0.0,0
C024,20,3,C004,0.179444,0.030613,1.8606,0.0,2.0152,0.0,0.3677,0.0,0
C024,20,4,C008,0.169461,0.033475,2.4216,0.0,2.5465,0.0,0.4079,0.0,0
C024,20,5,G014,0.114278,0.053175,28.0951,50.4975,27.9821,50.4975,0.2862,0.0,0
C024,20,6,C025,0.107399,0.056279,28.9797,50.4975,29.0632,50.4975,0.2475,0.0,0
C025,12,1,G018,0.185653,0.00618,8.0931,9.9518,8.2518,9.9518,0.3356,0.0,1
C025,12,2,C009,0.181157,0.007405,0.1253,0.0,0.3265,0.0,0.2481,0.0,0
C025,12,3,G014,0.178164,0.008238,1.153,0.0,1.3037,0.0,0.2862,0.0,0
C025,12,4,C010,0.176512,0.008704,7.7832,9.9518,7.906,9.9518,0.2908,0.0,0
C025,12,5,C026,0.175025,0.009127,8.3454,9.9518,8.423,9.9518,0.2674,0.0,0
C025,12,6,C014,0.10349,0.0354,27.7705,50.4975,27.5577,50.4975,0.326,0.0,0
C025,16,1,G018,0.184972,0.002632,8.0931,9.9518,8.2518,9.9518,0.3356,0.0,1
C025,16,2,C009,0.183408,0.003057,0.1253,0.0,0.3265,0.0,0.2481,0.0,0
C025,16,3,G014,0.180868,0.003754,1.153,0.0,1.3037,0.0,0.2862,0.0,0
C025,16,4,C010,0.175006,0.005401,7.7832,9.9518,7.906,9.9518,0.2908,0.0,0
C025,16,5,C026,0.172589,0.006097,8.3454,9.9518,8.423,9.9518,0.2674,0.0,0
C025,16,6,C014,0.103157,0.03183,27.7705,50.4975,27.5577,50.4975,0.326,0.0,0
C025,20,1,C009,0.189529,0.000676,0.1253,0.0,0.3265,0.0,0.2481,0.0,1
C025,20,2,G014,0.186565,0.001464,1.153,0.0,1.3037,0.0,0.2862,0.0,0
C025,20,3,G018,0.182848,0.00247,8.0931,9.9518,8.2518,9.9518,0.3356,0.0,0
C025,20,4,C010,0.172063,0.00551,7.7832,9.9518,7.906,9.9518,0.2908,0.0,0
C025,20,5,C026,0.167471,0.006862,8.3454,9.9518,8.423,9.9518,0.2674,0.0,0
C025,20,6,C014,0.101523,0.031888,27.7705,50.4975,27.5577,50.4975,0.326,0.0,0
C026,12,1,C010,0.204525,0.007461,0.5945,0.0,0.7743,0.0,0.2908,0.0,1
C026,12,2,G018,0.201322,0.008251,0.753,0.0,0.8264,0.0,0.3356,0.0,0
C026,12,3,C025,0.177098,0.014661,8.3454,9.9518,8.3272,9.9518,0.2475,0.0,0
C026,12,4,C009,0.163256,0.01873,8.4467,9.9518,8.4059,9.9518,0.2481,0.0,0
C026,12,5,G014,0.15364,0.021765,9.4585,9.9518,9.5606,9.9518,0.2862,0.0,0
C026,12,6,G019,0.100159,0.043158,20.1569,40.6074,20.0911,40.6074,0.1879,0.0,0
C026,16,1,C010,0.202615,0.003536,0.5945,0.0,0.7743,0.0,0.2908,0.0,1
C026,16,2,G018,0.200127,0.004154,0.753,0.0,0.8264,0.0,0.3356,0.0,0
C026,16,3,C025,0.177849,0.010055,8.3454,9.9518,8.3272,9.9518,0.2475,0.0,0
C026,16,4,C009,0.166147,0.013458,8.4467,9.9518,8.4059,9.9518,0.2481,0.0,0
C026,16,5,G014,0.157065,0.016268,9.4585,9.9518,9.5606,9.9518,0.2862,0.0,0
C026,16,6,G019,0.096197,0.040781,20.1569,40.6074,20.0911,40.6074,0.1879,0.0,0
C026,20,1,C010,0.201702,0.001275,0.5945,0.0,0.7743,0.0,0.2908,0.0,1
C026,20,2,G018,0.19902,0.001945,0.753,0.0,0.8264,0.0,0.3356,0.0,0
C026,20,3,C025,0.180378,0.006862,8.3454,9.9518,8.3272,9.9518,0.2475,0.0,0
C026,20,4,C009,0.171396,0.009416,8.4467,9.9518,8.4059,9.9518,0.2481,0.0,0
C026,20,5,G014,0.16124,0.01247,9.4585,9.9518,9.5606,9.9518,0.2862,0.0,0
C026,20,6,G019,0.086264,0.043744,20.1569,40.6074,20.0911,40.6074,0.1879,0.0,0
C027,12,1,C011,0.215963,0.009417,0.5713,0.0,0.6528,0.0,0.2504,0.0,1
C027,12,2,C024,0.180512,0.018382,10.4633,19.0121,10.5247,19.0121,0.3372,0.0,0
C027,12,3,C004,0.167128,0.022234,12.249,19.0121,12.3737,19.0121,0.3677,0.0,0
C027,12,4,C008,0.15563,0.025798,12.7854,19.0121,12.8863,19.0121,0.4079,0.0,0
C027,12,5,G014,0.144939,0.029356,18.5586,31.4996,18.4989,31.4996,0.2862,0.0,0
C027,12,6,C009,0.135828,0.032603,19.4086,31.4996,19.5002,31.4996,0.2481,0.0,0
C027,16,1,C011,0.220983,0.004342,0.5713,0.0,0.6528,0.0,0.2504,0.0,1
C027,16,2,C004,0.17445,0.016164,12.249,19.0121,12.3737,19.0121,0.3677,0.0,0
C027,16,3,C024,0.169105,0.017721,10.4633,19.0121,10.5247,19.0121,0.3372,0.0,0
C027,16,4,C008,0.163443,0.019423,12.7854,19.0121,12.8863,19.0121,0.4079,0.0,0
C027,16,5,G014,0.140627,0.026941,18.5586,31.4996,18.4989,31.4996,0.2862,0.0,0
C027,16,6,C009,0.131392,0.030337,19.4086,31.4996,19.5002,31.4996,0.2481,0.0,0
C027,20,1,C011,0.227786,0.00076,0.5713,0.0,0.6528,0.0,0.2504,0.0,1
C027,20,2,C004,0.188958,0.010104,12.249,19.0121,12.3737,19.0121,0.3677,0.0,0
C027,20,3,C008,0.180598,0.012367,12.7854,19.0121,12.8863,19.0121,0.4079,0.0,0
C027,20,4,C024,0.155506,0.019846,10.4633,19.0121,10.5247,19.0121,0.3372,0.0,0
C027,20,5,G014,0.127985,0.029585,18.5586,31.4996,18.4989,31.4996,0.2862,0.0,0
C027,20,6,C009,0.119167,0.033154,19.4086,31.4996,19.5002,31.4996,0.2481,0.0,0
C028,12,1,G017,0.387179,0.039604,11.9996,16.5511,12.143,16.5511,0.4385,0.0,1
C028,12,2,G013,0.176077,0.079002,40.8529,59.6724,41.0283,59.6724,0.22,0.0,0
C028,12,3,G016,0.130337,0.094042,83.7059,126.4944,83.8365,126.4944,0.2339,0.0,0
C028,12,4,C011,0.105335,0.104691,111.2926,117.0959,111.2294,117.0959,0.2504,0.0,0
C028,12,5,C004,0.101486,0.106552,105.875,105.2577,105.9824,105.2577,0.3677,0.0,0
C028,12,6,G012,0.099586,0.107497,39.5075,58.3386,39.3992,58.3386,0.2604,0.0,0
C028,16,1,G017,0.382041,0.038392,11.9996,16.5511,12.143,16.5511,0.4385,0.0,1
C028,16,2,G013,0.171852,0.078336,40.8529,59.6724,41.0283,59.6724,0.22,0.0,0
C028,16,3,G016,0.1312,0.091832,83.7059,126.4944,83.8365,126.4944,0.2339,0.0,0
C028,16,4,C011,0.108078,0.101526,111.2926,117.0959,111.2294,117.0959,0.2504,0.0,0
C028,16,5,C004,0.106339,0.102337,105.875,105.2577,105.9824,105.2577,0.3677,0.0,0
C028,16,6,C027,0.10049,0.105165,111.2226,117.0959,111.2289,117.0959,0.2507,0.0,0
C028,20,1,G017,0.384681,0.038793,11.9996,16.5511,12.143,16.5511,0.4385,0.0,1
C028,20,2,G013,0.177569,0.077446,40.8529,59.6724,41.0283,59.6724,0.22,0.0,0
C028,20,3,G016,0.133398,0.091747,83.7059,126.4944,83.8365,126.4944,0.2339,0.0,0
C028,20,4,C004,0.10418,0.104108,105.875,105.2577,105.9824,105.2577,0.3677,0.0,0
C028,20,5,C011,0.102672,0.104837,111.2926,117.0959,111.2294,117.0959,0.2504,0.0,0
C028,20,6,C008,0.0975,0.107421,105.8696,105.2577,105.8992,105.2577,0.4079,0.0,0
G001,12,1,G008,0.284597,0.174496,44.2409,56.718,44.1823,56.718,0.307,0.0,1
G001,12,2,G011,0.191681,0.194258,69.3732,3.1779,69.3253,3.1779,0.1602,0.0,0
G001,12,3,C017,0.150277,0.206425,101.0799,102.2446,101.2651,102.2446,0.4273,0.0,0
G001,12,4,G015,0.129462,0.21388,86.9267,84.969,86.8799,84.969,0.432,0.0,0
G001,12,5,C020,0.125154,0.215572,94.3823,84.969,94.4177,84.969,0.4011,0.0,0
G001,12,6,C015,0.118829,0.218165,88.0444,84.969,88.0155,84.969,0.3547,0.0,0
G001,16,1,G008,0.305361,0.164858,44.2409,56.718,44.1823,56.718,0.307,0.0,1
G001,16,2,G011,0.195196,0.187232,69.3732,3.1779,69.3253,3.1779,0.1602,0.0,0
G001,16,3,C017,0.143203,0.202719,101.0799,102.2446,101.2651,102.2446,0.4273,0.0,0
G001,16,4,C015,0.120196,0.211476,88.0444,84.969,88.0155,84.969,0.3547,0.0,0
G001,16,5,G005,0.119452,0.211787,54.7664,55.7297,54.7255,55.7297,0.2445,0.0,0
G001,16,6,C020,0.116591,0.212999,94.3823,84.969,94.4177,84.969,0.4011,0.0,0
G001,20,1,G008,0.277825,0.176997,44.2409,56.718,44.1823,56.718,0.307,0.0,1
G001,20,2,G011,0.201591,0.193035,69.3732,3.1779,69.3253,3.1779,0.1602,0.0,0
G001,20,3,C017,0.155526,0.206006,101.0799,102.2446,101.2651,102.2446,0.4273,0.0,0
G001,20,4,C020,0.128124,0.215697,94.3823,84.969,94.4177,84.969,0.4011,0.0,0
G001,20,5,C005,0.121671,0.218281,88.6349,84.969,88.6382,84.969,0.6181,0.0,0
G001,20,6,G005,0.115263,0.220986,54.7664,55.7297,54.7255,55.7297,0.2445,0.0,0
G002,12,1,C006,0.51977,0.051458,73.1689,92.475,73.2676,92.475,0.2685,0.0,1
G002,12,2,C001,0.183799,0.103435,65.0323,78.9857,65.0538,78.9857,0.2695,0.0,0
G002,12,3,G019,0.13663,0.118264,118.5706,117.0959,118.5322,117.0959,0.1879,0.0,0
G002,12,4,C014,0.056569,0.162354,114.5976,105.2577,114.5337,105.2577,0.326,0.0,0
G002,12,5,G020,0.05518,0.163598,69.8758,92.475,69.8745,92.475,0.0631,0.0,0
G002,12,6,G008,0.048051,0.170514,66.3982,78.9857,66.4249,78.9857,0.307,0.0,0
G002,16,1,C006,0.496409,0.051236,73.1689,92.475,73.2676,92.475,0.2685,0.0,1
G002,16,2,C001,0.1994,0.09684,65.0323,78.9857,65.0538,78.9857,0.2695,0.0,0
G002,16,3,G019,0.13362,0.116856,118.5706,117.0959,118.5322,117.0959,0.1879,0.0,0
G002,16,4,C014,0.061252,0.155857,114.5976,105.2577,114.5337,105.2577,0.326,0.0,0
G002,16,5,G020,0.056411,0.159973,69.8758,92.475,69.8745,92.475,0.0631,0.0,0
G002,16,6,G008,0.052907,0.163179,66.3982,78.9857,66.4249,78.9857,0.307,0.0,0
G002,20,1,C006,0.485859,0.049413,73.1689,92.475,73.2676,92.475,0.2685,0.0,1
G002,20,2,C001,0.195416,0.094952,65.0323,78.9857,65.0538,78.9857,0.2695,0.0,0
G002,20,3,G019,0.140232,0.111544,118.5706,117.0959,118.5322,117.0959,0.1879,0.0,0
G002,20,4,G020,0.06538,0.149698,69.8758,92.475,69.8745,92.475,0.0631,0.0,0
G002,20,5,C014,0.063825,0.150902,114.5976,105.2577,114.5337,105.2577,0.326,0.0,0
G002,20,6,G008,0.049288,0.163825,66.3982,78.9857,66.4249,78.9857,0.307,0.0,0
G003,12,1,G007,0.454354,0.036795,56.2685,130.3039,56.3187,130.3039,0.5321,0.0,1
G003,12,2,G009,0.211159,0.075108,6.3146,1.1024,6.4232,1.1024,0.4432,0.0,0
G003,12,3,C012,0.115642,0.105214,8.7065,0.0,8.9808,0.0,0.3779,0.0,0
G003,12,4,C013,0.107575,0.108829,52.3075,130.3039,52.4001,130.3039,0.4728,0.0,0
G003,12,5,G015,0.06997,0.130336,60.3037,120.1833,60.1909,120.1833,0.432,0.0,0
G003,12,6,C003,0.041301,0.156695,51.6283,130.3039,51.7756,130.3039,0.7109,0.0,0
G003,16,1,G007,0.468661,0.017797,56.2685,130.3039,56.3187,130.3039,0.5321,0.0,1
G003,16,2,G009,0.196879,0.061162,6.3146,1.1024,6.4232,1.1024,0.4432,0.0,0
G003,16,3,C013,0.099984,0.09504,52.3075,130.3039,52.4001,130.3039,0.4728,0.0,0
G003,16,4,G015,0.094182,0.09803,60.3037,120.1833,60.1909,120.1833,0.432,0.0,0
G003,16,5,C012,0.094014,0.098119,8.7065,0.0,8.9808,0.0,0.3779,0.0,0
G003,16,6,C003,0.04628,0.133556,51.6283,130.3039,51.7756,130.3039,0.7109,0.0,0
G003,20,1,G007,0.409762,0.03685,56.2685,130.3039,56.3187,130.3039,0.5321,0.0,1
G003,20,2,G009,0.253127,0.060934,6.3146,1.1024,6.4232,1.1024,0.4432,0.0,0
G003,20,3,C012,0.12435,0.096474,8.7065,0.0,8.9808,0.0,0.3779,0.0,0
G003,20,4,C013,0.110966,0.102168,52.3075,130.3039,52.4001,130.3039,0.4728,0.0,0
G003,20,5,G015,0.066616,0.127682,60.3037,120.1833,60.1909,120.1833,0.432,0.0,0
G003,20,6,C003,0.035178,0.159608,51.6283,130.3039,51.7756,130.3039,0.7109,0.0,0
G004,12,1,G007,0.237751,0.184035,97.8572,145.086,97.8626,145.086,0.5321,0.0,1
G004,12,2,G009,0.194133,0.194169,55.9545,65.8731,55.8107,65.8731,0.4432,0.0,0
G004,12,3,C015,0.17202,0.200216,94.9298,123.2109,95.0638,123.2109,0.3547,0.0,0
G004,12,4,C013,0.161908,0.203245,91.6557,145.086,91.7417,145.086,0.4728,0.0,0
G004,12,5,C007,0.121253,0.217702,34.646,0.0,34.6288,0.0,0.1337,0.0,0
G004,12,6,C012,0.112936,0.221255,58.0591,64.7807,58.1695,64.7807,0.3779,0.0,0
G004,16,1,G007,0.241739,0.17466,97.8572,145.086,97.8626,145.086,0.5321,0.0,1
G004,16,2,G009,0.185001,0.188034,55.9545,65.8731,55.8107,65.8731,0.4432,0.0,0
G004,16,3,C015,0.176345,0.19043,94.9298,123.2109,95.0638,123.2109,0.3547,0.0,0
G004,16,4,C013,0.162389,0.194553,91.6557,145.086,91.7417,145.086,0.4728,0.0,0
G004,16,5,C007,0.11859,0.210269,34.646,0.0,34.6288,0.0,0.1337,0.0,0
G004,16,6,C012,0.115936,0.211401,58.0591,64.7807,58.1695,64.7807,0.3779,0.0,0
G004,20,1,G007,0.253405,0.167754,97.8572,145.086,97.8626,145.086,0.5321,0.0,1
G004,20,2,G009,0.204202,0.178548,55.9545,65.8731,55.8107,65.8731,0.4432,0.0,0
G004,20,3,C013,0.165269,0.189125,91.6557,145.086,91.7417,145.086,0.4728,0.0,0
G004,20,4,C015,0.154426,0.192518,94.9298,123.2109,95.0638,123.2109,0.3547,0.0,0
G004,20,5,C012,0.116886,0.206444,58.0591,64.7807,58.1695,64.7807,0.3779,0.0,0
G004,20,6,C005,0.105813,0.21142,94.8526,123.2109,94.8277,123.2109,0.6181,0.0,0
G005,12,1,C022,0.228428,0.051652,47.0744,87.5207,47.1473,87.5207,0.154,0.0,1
G005,12,2,C023,0.209423,0.055995,57.7739,123.1447,57.8742,123.1447,0.3657,0.0,0
G005,12,3,G020,0.205263,0.056998,18.3084,27.5241,18.3403,27.5241,0.0631,0.0,0
G005,12,4,C017,0.124232,0.082105,70.9869,85.6628,71.0589,85.6628,0.4273,0.0,0
G005,12,5,C020,0.120958,0.083441,85.3014,130.9996,85.3484,130.9996,0.4011,0.0,0
G005,12,6,C018,0.111696,0.087424,85.7159,155.2398,85.7705,155.2398,0.4193,0.0,0
G005,16,1,C022,0.215646,0.053539,47.0744,87.5207,47.1473,87.5207,0.154,0.0,1
G005,16,2,G020,0.211603,0.054485,18.3084,27.5241,18.3403,27.5241,0.0631,0.0,0
G005,16,3,C023,0.194698,0.058648,57.7739,123.1447,57.8742,123.1447,0.3657,0.0,0
G005,16,4,C017,0.131179,0.078392,70.9869,85.6628,71.0589,85.6628,0.4273,0.0,0
G005,16,5,C020,0.12805,0.079599,85.3014,130.9996,85.3484,130.9996,0.4011,0.0,0
G005,16,6,C018,0.118824,0.083338,85.7159,155.2398,85.7705,155.2398,0.4193,0.0,0
G005,20,1,G020,0.221438,0.053217,18.3084,27.5241,18.3403,27.5241,0.0631,0.0,1
G005,20,2,C022,0.205934,0.056846,47.0744,87.5207,47.1473,87.5207,0.154,0.0,0
G005,20,3,C023,0.19044,0.060757,57.7739,123.1447,57.8742,123.1447,0.3657,0.0,0
G005,20,4,C017,0.133578,0.07849,70.9869,85.6628,71.0589,85.6628,0.4273,0.0,0
G005,20,5,C020,0.129286,0.080123,85.3014,130.9996,85.3484,130.9996,0.4011,0.0,0
G005,20,6,C018,0.119323,0.084132,85.7159,155.2398,85.7705,155.2398,0.4193,0.0,0
G006,12,1,C007,0.25728,0.05075,50.6968,133.3524,50.7237,133.3524,0.1337,0.0,1
G006,12,2,G010,0.188532,0.066295,102.55,102.9472,102.7069,102.9472,0.276,0.0,0
G006,12,3,G013,0.14611,0.07904,81.7487,58.436,81.8216,58.436,0.22,0.0,0
G006,12,4,C016,0.144175,0.079707,83.3336,123.0334,83.3052,123.0334,0.0631,0.0,0
G006,12,5,C021,0.133756,0.083457,74.7088,123.0334,74.6175,123.0334,0.1784,0.0,0
G006,12,6,C013,0.130147,0.084825,52.6782,12.242,52.7835,12.242,0.4728,0.0,0
G006,16,1,C007,0.260443,0.048689,50.6968,133.3524,50.7237,133.3524,0.1337,0.0,1
G006,16,2,G010,0.189154,0.06468,102.55,102.9472,102.7069,102.9472,0.276,0.0,0
G006,16,3,G013,0.148097,0.076915,81.7487,58.436,81.8216,58.436,0.22,0.0,0
G006,16,4,C016,0.135983,0.081182,83.3336,123.0334,83.3052,123.0334,0.0631,0.0,0
G006,16,5,C019,0.134284,0.08181,102.2699,102.9472,102.1035,102.9472,0.2666,0.0,0
G006,16,6,C021,0.132039,0.082653,74.7088,123.0334,74.6175,123.0334,0.1784,0.0,0
G006,20,1,C007,0.250139,0.04636,50.6968,133.3524,50.7237,133.3524,0.1337,0.0,1
G006,20,2,G010,0.187715,0.060715,102.55,102.9472,102.7069,102.9472,0.276,0.0,0
G006,20,3,C012,0.142307,0.074562,58.9641,118.2945,59.1103,118.2945,0.3779,0.0,0
G006,20,4,G013,0.142163,0.074613,81.7487,58.436,81.8216,58.436,0.22,0.0,0
G006,20,5,C019,0.139873,0.075425,102.2699,102.9472,102.1035,102.9472,0.2666,0.0,0
G006,20,6,C013,0.137802,0.07617,52.6782,12.242,52.7835,12.242,0.4728,0.0,0
G007,12,1,G003,0.217622,0.054397,56.2685,130.3039,56.1277,130.3039,0.4767,0.0,1
G007,12,2,G009,0.209912,0.0562,58.4194,130.1676,58.4468,130.1676,0.4432,0.0,0
G007,12,3,C013,0.174502,0.065438,8.8096,0.0,8.7936,0.0,0.4728,0.0,0
G007,12,4,G015,0.173456,0.065739,9.062,28.8847,8.95,28.8847,0.432,0.0,0
G007,12,5,C012,0.146263,0.074264,53.3742,130.3039,53.2748,130.3039,0.3779,0.0,0
G007,12,6,C016,0.078244,0.105543,65.5474,133.5319,65.539,133.5319,0.0631,0.0,0
G007,16,1,G003,0.232743,0.048741,56.2685,130.3039,56.1277,130.3039,0.4767,0.0,1
G007,16,2,G009,0.223606,0.050743,58.4194,130.1676,58.4468,130.1676,0.4432,0.0,0
G007,16,3,C013,0.170236,0.064378,8.8096,0.0,8.7936,0.0,0.4728,0.0,0
G007,16,4,C012,0.150973,0.070382,53.3742,130.3039,53.2748,130.3039,0.3779,0.0,0
G007,16,5,G015,0.150113,0.070668,9.062,28.8847,8.95,28.8847,0.432,0.0,0
G007,16,6,C016,0.072328,0.107177,65.5474,133.5319,65.539,133.5319,0.0631,0.0,0
G007,20,1,G003,0.25222,0.03685,56.2685,130.3039,56.1277,130.3039,0.4767,0.0,1
G007,20,2,G009,0.228918,0.041697,58.4194,130.1676,58.4468,130.1676,0.4432,0.0,0
G007,20,3,C013,0.166428,0.057637,8.8096,0.0,8.7936,0.0,0.4728,0.0,0
G007,20,4,C012,0.152972,0.061852,53.3742,130.3039,53.2748,130.3039,0.3779,0.0,0
G007,20,5,G015,0.136978,0.067374,9.062,28.8847,8.95,28.8847,0.432,0.0,0
G007,20,6,C003,0.062484,0.106619,8.1315,0.0,8.2049,0.0,0.7109,0.0,0
G008,12,1,G016,0.172974,0.081151,64.3391,121.0612,64.3474,121.0612,0.2339,0.0,1
G008,12,2,C025,0.172151,0.081389,92.5283,108.9048,92.559,108.9048,0.2475,0.0,0
G008,12,3,G012,0.16853,0.082452,48.9464,93.901,48.9785,93.901,0.2604,0.0,0
G008,12,4,G014,0.164728,0.083593,92.2508,108.9048,92.1817,108.9048,0.2862,0.0,0
G008,12,5,C009,0.161984,0.084433,92.5044,108.9048,92.5441,108.9048,0.2481,0.0,0
G008,12,6,C024,0.159633,0.085164,73.4618,58.5469,73.5857,58.5469,0.3372,0.0,0
G008,16,1,G016,0.193471,0.069512,64.3391,121.0612,64.3474,121.0612,0.2339,0.0,1
G008,16,2,G012,0.175482,0.074391,48.9464,93.901,48.9785,93.901,0.2604,0.0,0
G008,16,3,C025,0.163531,0.077918,92.5283,108.9048,92.559,108.9048,0.2475,0.0,0
G008,16,4,G014,0.16062,0.078816,92.2508,108.9048,92.1817,108.9048,0.2862,0.0,0
G008,16,5,C009,0.158059,0.07962,92.5044,108.9048,92.5441,108.9048,0.2481,0.0,0
G008,16,6,C014,0.148837,0.082625,74.0794,58.5469,74.144,58.5469,0.326,0.0,0
G008,20,1,C025,0.173063,0.065565,92.5283,108.9048,92.559,108.9048,0.2475,0.0,1
G008,20,2,G014,0.170489,0.066314,92.2508,108.9048,92.1817,108.9048,0.2862,0.0,0
G008,20,3,C009,0.169211,0.066691,92.5044,108.9048,92.5441,108.9048,0.2481,0.0,0
G008,20,4,G016,0.168555,0.066885,64.3391,121.0612,64.3474,121.0612,0.2339,0.0,0
G008,20,5,G012,0.164005,0.068253,48.9464,93.901,48.9785,93.901,0.2604,0.0,0
G008,20,6,C027,0.154676,0.071181,80.7685,77.434,80.794,77.434,0.2507,0.0,0
G009,12,1,C012,0.279079,0.038512,7.373,1.1024,7.6283,1.1024,0.3779,0.0,1
G009,12,2,C013,0.260589,0.041939,51.1498,130.1676,51.2531,130.1676,0.4728,0.0,0
G009,12,3,G007,0.196794,0.055979,58.4194,130.1676,58.4061,130.1676,0.5321,0.0,0
G009,12,4,G003,0.13317,0.075505,6.3146,1.1024,6.5067,1.1024,0.4767,0.0,0
G009,12,5,C016,0.078418,0.101984,54.992,91.7753,54.9722,91.7753,0.0631,0.0,0
G009,12,6,G015,0.05195,0.122572,60.8317,120.2857,60.7175,120.2857,0.432,0.0,0
G009,16,1,C012,0.286264,0.036029,7.373,1.1024,7.6283,1.1024,0.3779,0.0,1
G009,16,2,C013,0.261139,0.040622,51.1498,130.1676,51.2531,130.1676,0.4728,0.0,0
G009,16,3,G007,0.201454,0.053597,58.4194,130.1676,58.4061,130.1676,0.5321,0.0,0
G009,16,4,G003,0.128667,0.076014,6.3146,1.1024,6.5067,1.1024,0.4767,0.0,0
G009,16,5,C016,0.073483,0.104022,54.992,91.7753,54.9722,91.7753,0.0631,0.0,0
G009,16,6,G015,0.048993,0.124291,60.8317,120.2857,60.7175,120.2857,0.432,0.0,0
G009,20,1,C012,0.283739,0.024324,7.373,1.1024,7.6283,1.1024,0.3779,0.0,1
G009,20,2,C013,0.258182,0.029044,51.1498,130.1676,51.2531,130.1676,0.4728,0.0,0
G009,20,3,G007,0.200458,0.041697,58.4194,130.1676,58.4061,130.1676,0.5321,0.0,0
G009,20,4,G003,0.136436,0.060934,6.3146,1.1024,6.5067,1.1024,0.4767,0.0,0
G009,20,5,C016,0.063533,0.099149,54.992,91.7753,54.9722,91.7753,0.0631,0.0,0
G009,20,6,G015,0.057653,0.104005,60.8317,120.2857,60.7175,120.2857,0.432,0.0,0
G010,12,1,G013,0.224015,0.044962,88.3138,86.1626,88.5049,86.1626,0.22,0.0,1
G010,12,2,G006,0.210382,0.048101,102.55,102.9472,102.4507,102.9472,0.3709,0.0,0
G010,12,3,C019,0.172368,0.058066,0.7123,0.0,0.8792,0.0,0.2666,0.0,0
G010,12,4,C021,0.148268,0.065596,49.6602,29.9471,49.7306,29.9471,0.1784,0.0,0
G010,12,5,C007,0.13759,0.069334,113.602,61.5668,113.63,61.5668,0.1337,0.0,0
G010,12,6,C022,0.107377,0.08173,93.39,105.2577,93.4532,105.2577,0.154,0.0,0
G010,16,1,C021,0.203895,0.04689,49.6602,29.9471,49.7306,29.9471,0.1784,0.0,1
G010,16,2,G013,0.196765,0.04867,88.3138,86.1626,88.5049,86.1626,0.22,0.0,0
G010,16,3,C019,0.171801,0.055454,0.7123,0.0,0.8792,0.0,0.2666,0.0,0
G010,16,4,G006,0.171595,0.055514,102.55,102.9472,102.4507,102.9472,0.3709,0.0,0
G010,16,5,C018,0.131178,0.068943,72.8473,112.115,72.933,112.115,0.4193,0.0,0
G010,16,6,C022,0.124767,0.071448,93.39,105.2577,93.4532,105.2577,0.154,0.0,0
G010,20,1,C021,0.226113,0.040108,49.6602,29.9471,49.7306,29.9471,0.1784,0.0,1
G010,20,2,C019,0.171143,0.054035,0.7123,0.0,0.8792,0.0,0.2666,0.0,0
G010,20,3,G013,0.167496,0.055112,88.3138,86.1626,88.5049,86.1626,0.22,0.0,0
G010,20,4,G006,0.14974,0.060715,102.55,102.9472,102.4507,102.9472,0.3709,0.0,0
G010,20,5,C018,0.148189,0.061236,72.8473,112.115,72.933,112.115,0.4193,0.0,0
G010,20,6,C020,0.137319,0.065045,67.7948,84.278,67.8195,84.278,0.4011,0.0,0
G011,12,1,C017,0.281938,0.025665,34.5183,103.4633,34.5597,103.4633,0.4273,0.0,1
G011,12,2,C020,0.225807,0.036765,38.9466,82.3048,38.974,82.3048,0.4011,0.0,0
G011,12,3,C018,0.193535,0.044476,38.6838,110.147,38.691,110.147,0.4193,0.0,0
G011,12,4,C023,0.112942,0.071405,75.8695,69.4476,76.1032,69.4476,0.3657,0.0,0
G011,12,5,C021,0.097816,0.078595,20.9664,31.3667,20.8943,31.3667,0.1784,0.0,0
G011,12,6,G005,0.087962,0.083903,51.4959,58.8487,51.4393,58.8487,0.2445,0.0,0
G011,16,1,C017,0.284215,0.019457,34.5183,103.4633,34.5597,103.4633,0.4273,0.0,1
G011,16,2,C020,0.231041,0.029814,38.9466,82.3048,38.974,82.3048,0.4011,0.0,0
G011,16,3,C018,0.200672,0.03686,38.6838,110.147,38.691,110.147,0.4193,0.0,0
G011,16,4,C021,0.104137,0.069658,20.9664,31.3667,20.8943,31.3667,0.1784,0.0,0
G011,16,5,C023,0.103925,0.06976,75.8695,69.4476,76.1032,69.4476,0.3657,0.0,0
G011,16,6,G005,0.07601,0.0854,51.4959,58.8487,51.4393,58.8487,0.2445,0.0,0
G011,20,1,C017,0.285488,0.013847,34.5183,103.4633,34.5597,103.4633,0.4273,0.0,1
G011,20,2,C020,0.235402,0.023493,38.9466,82.3048,38.974,82.3048,0.4011,0.0,0
G011,20,3,C018,0.207286,0.029852,38.6838,110.147,38.691,110.147,0.4193,0.0,0
G011,20,4,C021,0.112145,0.060567,20.9664,31.3667,20.8943,31.3667,0.1784,0.0,0
G011,20,5,C023,0.091859,0.070544,75.8695,69.4476,76.1032,69.4476,0.3657,0.0,0
G011,20,6,G005,0.06782,0.085714,51.4959,58.8487,51.4393,58.8487,0.2445,0.0,0
G012,12,1,C014,0.199793,0.06574,100.6646,82.7082,100.7047,82.7082,0.326,0.0,1
G012,12,2,G008,0.183566,0.069976,48.9464,93.901,48.9854,93.901,0.307,0.0,0
G012,12,3,C027,0.169747,0.073889,104.013,85.2044,104.0539,85.2044,0.2507,0.0,0
G012,12,4,C011,0.155312,0.078333,103.9008,85.2044,103.9068,85.2044,0.2504,0.0,0
G012,12,5,C004,0.153385,0.078957,99.2398,82.7082,99.343,82.7082,0.3677,0.0,0
G012,12,6,C008,0.138196,0.084171,99.0602,82.7082,99.1119,82.7082,0.4079,0.0,0
G012,16,1,C014,0.194544,0.067474,100.6646,82.7082,100.7047,82.7082,0.326,0.0,1
G012,16,2,G008,0.187453,0.069331,48.9464,93.901,48.9854,93.901,0.307,0.0,0
G012,16,3,C027,0.166647,0.075213,104.013,85.2044,104.0539,85.2044,0.2507,0.0,0
G012,16,4,C004,0.157831,0.077931,99.2398,82.7082,99.343,82.7082,0.3677,0.0,0
G012,16,5,C011,0.15309,0.079456,103.9008,85.2044,103.9068,85.2044,0.2504,0.0,0
G012,16,6,C008,0.140434,0.08377,99.0602,82.7082,99.1119,82.7082,0.4079,0.0,0
G012,20,1,G008,0.190229,0.068253,48.9464,93.901,48.9854,93.901,0.307,0.0,1
G012,20,2,C014,0.189051,0.068564,100.6646,82.7082,100.7047,82.7082,0.326,0.0,0
G012,20,3,C027,0.165609,0.075183,104.013,85.2044,104.0539,85.2044,0.2507,0.0,0
G012,20,4,C004,0.160018,0.076901,99.2398,82.7082,99.343,82.7082,0.3677,0.0,0
G012,20,5,C011,0.152479,0.079313,103.9008,85.2044,103.9068,85.2044,0.2504,0.0,0
G012,20,6,C008,0.142614,0.082658,99.0602,82.7082,99.1119,82.7082,0.4079,0.0,0
G013,12,1,G010,0.235646,0.059694,88.3138,86.1626,88.3623,86.1626,0.276,0.0,1
G013,12,2,G017,0.207624,0.066024,45.5282,61.4504,45.6115,61.4504,0.4385,0.0,0
G013,12,3,G006,0.16124,0.078666,81.7487,58.436,81.6501,58.436,0.3709,0.0,0
G013,12,4,C028,0.153119,0.08125,40.8529,59.6724,41.1133,59.6724,0.4235,0.0,0
G013,12,5,C021,0.125754,0.091094,58.2441,92.0212,58.2654,92.0212,0.1784,0.0,0
G013,12,6,G012,0.116616,0.094866,56.1466,3.766,56.0813,3.766,0.2604,0.0,0
G013,16,1,G010,0.239594,0.056432,88.3138,86.1626,88.3623,86.1626,0.276,0.0,1
G013,16,2,G017,0.206915,0.063764,45.5282,61.4504,45.6115,61.4504,0.4385,0.0,0
G013,16,3,G006,0.163181,0.075636,81.7487,58.436,81.6501,58.436,0.3709,0.0,0
G013,16,4,C028,0.155474,0.078056,40.8529,59.6724,41.1133,59.6724,0.4235,0.0,0
G013,16,5,C021,0.128703,0.087504,58.2441,92.0212,58.2654,92.0212,0.1784,0.0,0
G013,16,6,G012,0.106133,0.097145,56.1466,3.766,56.0813,3.766,0.2604,0.0,0
G013,20,1,G010,0.243698,0.055112,88.3138,86.1626,88.3623,86.1626,0.276,0.0,1
G013,20,2,G017,0.202683,0.064326,45.5282,61.4504,45.6115,61.4504,0.4385,0.0,0
G013,20,3,G006,0.164996,0.074613,81.7487,58.436,81.6501,58.436,0.3709,0.0,0
G013,20,4,C028,0.155906,0.077446,40.8529,59.6724,41.1133,59.6724,0.4235,0.0,0
G013,20,5,C021,0.133604,0.085165,58.2441,92.0212,58.2654,92.0212,0.1784,0.0,0
G013,20,6,G012,0.099112,0.100096,56.1466,3.766,56.0813,3.766,0.2604,0.0,0
G014,12,1,C025,0.18779,0.006783,1.153,0.0,1.2214,0.0,0.2475,0.0,1
G014,12,2,C009,0.182566,0.008194,1.0596,0.0,1.1382,0.0,0.2481,0.0,0
G014,12,3,G018,0.18087,0.008661,9.2069,9.9518,9.3668,9.9518,0.3356,0.0,0
G014,12,4,C010,0.16601,0.012947,8.8969,9.9518,9.0211,9.9518,0.2908,0.0,0
G014,12,5,C026,0.165518,0.013096,9.4585,9.9518,9.5383,9.9518,0.2674,0.0,0
G014,12,6,C014,0.117246,0.030336,26.8744,50.4975,26.6653,50.4975,0.326,0.0,0
G014,16,1,C025,0.189149,0.002511,1.153,0.0,1.2214,0.0,0.2475,0.0,1
G014,16,2,C009,0.187425,0.002969,1.0596,0.0,1.1382,0.0,0.2481,0.0,0
G014,16,3,G018,0.180403,0.004878,9.2069,9.9518,9.3668,9.9518,0.3356,0.0,0
G014,16,4,C010,0.164959,0.009353,8.8969,9.9518,9.0211,9.9518,0.2908,0.0,0
G014,16,5,C026,0.161737,0.010339,9.4585,9.9518,9.5383,9.9518,0.2674,0.0,0
G014,16,6,C014,0.116326,0.026818,26.8744,50.4975,26.6653,50.4975,0.326,0.0,0
G014,20,1,C009,0.196501,0.000765,1.0596,0.0,1.1382,0.0,0.2481,0.0,1
G014,20,2,C025,0.193774,0.001464,1.153,0.0,1.2214,0.0,0.2475,0.0,0
G014,20,3,G018,0.17811,0.005678,9.2069,9.9518,9.3668,9.9518,0.3356,0.0,0
G014,20,4,C010,0.161993,0.010421,8.8969,9.9518,9.0211,9.9518,0.2908,0.0,0
G014,20,5,C026,0.155488,0.01247,9.4585,9.9518,9.5383,9.9518,0.2674,0.0,0
G014,20,6,C014,0.114134,0.02793,26.8744,50.4975,26.6653,50.4975,0.326,0.0,0
G015,12,1,C003,0.20813,0.06256,15.4984,28.8847,15.5043,28.8847,0.7109,0.0,1
G015,12,2,C016,0.207845,0.062629,63.7446,107.5821,63.7439,107.5821,0.0631,0.0,0
G015,12,3,G007,0.177111,0.070629,9.062,28.8847,9.0146,28.8847,0.5321,0.0,0
G015,12,4,C013,0.160377,0.075592,15.7804,28.8847,15.7431,28.8847,0.4728,0.0,0
G015,12,5,C005,0.144156,0.080923,5.7305,0.0,5.7732,0.0,0.6181,0.0,0
G015,12,6,C012,0.102381,0.098033,55.9408,120.1833,55.8397,120.1833,0.3779,0.0,0
G015,16,1,C003,0.210956,0.060336,15.4984,28.8847,15.5043,28.8847,0.7109,0.0,1
G015,16,2,C016,0.207233,0.061226,63.7446,107.5821,63.7439,107.5821,0.0631,0.0,0
G015,16,3,C013,0.164886,0.072655,15.7804,28.8847,15.7431,28.8847,0.4728,0.0,0
G015,16,4,G007,0.16334,0.073126,9.062,28.8847,9.0146,28.8847,0.5321,0.0,0
G015,16,5,C005,0.14683,0.078454,5.7305,0.0,5.7732,0.0,0.6181,0.0,0
G015,16,6,C012,0.106755,0.094391,55.9408,120.1833,55.8397,120.1833,0.3779,0.0,0
G015,20,1,C003,0.208413,0.059853,15.4984,28.8847,15.5043,28.8847,0.7109,0.0,1
G015,20,2,C016,0.188575,0.064855,63.7446,107.5821,63.7439,107.5821,0.0631,0.0,0
G015,20,3,G007,0.179309,0.067374,9.062,28.8847,9.0146,28.8847,0.5321,0.0,0
G015,20,4,C013,0.168559,0.070465,15.7804,28.8847,15.7431,28.8847,0.4728,0.0,0
G015,20,5,C005,0.143652,0.07846,5.7305,0.0,5.7732,0.0,0.6181,0.0,0
G015,20,6,C012,0.111492,0.091132,55.9408,120.1833,55.8397,120.1833,0.3779,0.0,0
G016,12,1,G008,0.312982,0.060172,64.3391,121.0612,64.2675,121.0612,0.307,0.0,1
G016,12,2,C028,0.161285,0.093321,83.7059,126.4944,83.9442,126.4944,0.4235,0.0,0
G016,12,3,C014,0.145226,0.098565,52.941,71.3785,52.9989,71.3785,0.326,0.0,0
G016,12,4,C009,0.130586,0.103878,55.8023,43.4278,55.8568,43.4278,0.2481,0.0,0
G016,12,5,G014,0.128644,0.104627,55.7253,43.4278,55.6704,43.4278,0.2862,0.0,0
G016,12,6,C025,0.121276,0.107576,55.7818,43.4278,55.8319,43.4278,0.2475,0.0,0
G016,16,1,G008,0.309478,0.061816,64.3391,121.0612,64.2675,121.0612,0.307,0.0,1
G016,16,2,C028,0.170337,0.091671,83.7059,126.4944,83.9442,126.4944,0.4235,0.0,0
G016,16,3,C014,0.14868,0.09847,52.941,71.3785,52.9989,71.3785,0.326,0.0,0
G016,16,4,C009,0.127352,0.106212,55.8023,43.4278,55.8568,43.4278,0.2481,0.0,0
G016,16,5,G014,0.126492,0.106551,55.7253,43.4278,55.6704,43.4278,0.2862,0.0,0
G016,16,6,C025,0.117661,0.110169,55.7818,43.4278,55.8319,43.4278,0.2475,0.0,0
G016,20,1,G008,0.30294,0.066885,64.3391,121.0612,64.2675,121.0612,0.307,0.0,1
G016,20,2,C028,0.18425,0.091747,83.7059,126.4944,83.9442,126.4944,0.4235,0.0,0
G016,20,3,C014,0.145846,0.103434,52.941,71.3785,52.9989,71.3785,0.326,0.0,0
G016,20,4,C009,0.125605,0.110905,55.8023,43.4278,55.8568,43.4278,0.2481,0.0,0
G016,20,5,G014,0.124664,0.111281,55.7253,43.4278,55.6704,43.4278,0.2862,0.0,0
G016,20,6,G017,0.116694,0.114584,84.474,132.7797,84.36,132.7797,0.4385,0.0,0
G017,12,1,C028,0.377925,0.043647,11.9996,16.5511,12.0808,16.5511,0.4235,0.0,1
G017,12,2,G013,0.253725,0.063569,45.5282,61.4504,45.7061,61.4504,0.22,0.0,0
G017,12,3,G010,0.114564,0.103325,110.8197,118.9309,110.827,118.9309,0.276,0.0,0
G017,12,4,G006,0.105033,0.107668,103.9367,118.8918,103.8803,118.8918,0.3709,0.0,0
G017,12,5,G012,0.07547,0.124195,30.5457,61.1173,30.4264,61.1173,0.2604,0.0,0
G017,12,6,C014,0.073283,0.125665,109.4541,118.9309,109.4148,118.9309,0.326,0.0,0
G017,16,1,C028,0.389315,0.039893,11.9996,16.5511,12.0808,16.5511,0.4235,0.0,1
G017,16,2,G013,0.241759,0.063715,45.5282,61.4504,45.7061,61.4504,0.22,0.0,0
G017,16,3,G010,0.116731,0.100119,110.8197,118.9309,110.827,118.9309,0.276,0.0,0
G017,16,4,G006,0.099182,0.108265,103.9367,118.8918,103.8803,118.8918,0.3709,0.0,0
G017,16,5,G016,0.076819,0.12104,84.474,132.7797,84.6088,132.7797,0.2339,0.0,0
G017,16,6,C019,0.076193,0.121449,110.405,118.9309,110.3733,118.9309,0.2666,0.0,0
G017,20,1,C028,0.395243,0.038793,11.9996,16.5511,12.0808,16.5511,0.4235,0.0,1
G017,20,2,G013,0.237184,0.064326,45.5282,61.4504,45.7061,61.4504,0.22,0.0,0
G017,20,3,G010,0.112428,0.101653,110.8197,118.9309,110.827,118.9309,0.276,0.0,0
G017,20,4,G006,0.094699,0.110233,103.9367,118.8918,103.8803,118.8918,0.3709,0.0,0
G017,20,5,G016,0.086807,0.114584,84.474,132.7797,84.6088,132.7797,0.2339,0.0,0
G017,20,6,C019,0.073639,0.12281,110.405,118.9309,110.3733,118.9309,0.2666,0.0,0
G018,12,1,C026,0.19812,0.00554,0.753,0.0,0.8703,0.0,0.2674,0.0,1
G018,12,2,C010,0.191717,0.007182,0.7783,0.0,0.9426,0.0,0.2908,0.0,0
G018,12,3,C025,0.180427,0.010217,8.0931,9.9518,8.0759,9.9518,0.2475,0.0,0
G018,12,4,C009,0.169191,0.013432,8.1956,9.9518,8.155,9.9518,0.2481,0.0,0
G018,12,5,G014,0.163193,0.015236,9.2069,9.9518,9.3075,9.9518,0.2862,0.0,0
G018,12,6,G019,0.097353,0.041066,19.9238,40.6074,19.8577,40.6074,0.1879,0.0,0
G018,16,1,C026,0.19439,0.002321,0.753,0.0,0.8703,0.0,0.2674,0.0,1
G018,16,2,C010,0.191368,0.003104,0.7783,0.0,0.9426,0.0,0.2908,0.0,0
G018,16,3,C025,0.181961,0.005624,8.0931,9.9518,8.0759,9.9518,0.2475,0.0,0
G018,16,4,C009,0.174057,0.007845,8.1956,9.9518,8.155,9.9518,0.2481,0.0,0
G018,16,5,G014,0.167682,0.00971,9.2069,9.9518,9.3075,9.9518,0.2862,0.0,0
G018,16,6,C014,0.090541,0.040524,34.1243,59.5936,33.9066,59.5936,0.326,0.0,0
G018,20,1,C026,0.187085,0.001945,0.753,0.0,0.8703,0.0,0.2674,0.0,1
G018,20,2,C010,0.187053,0.001953,0.7783,0.0,0.9426,0.0,0.2908,0.0,0
G018,20,3,C025,0.18513,0.00247,8.0931,9.9518,8.0759,9.9518,0.2475,0.0,0
G018,20,4,C009,0.18028,0.003797,8.1956,9.9518,8.155,9.9518,0.2481,0.0,0
G018,20,5,G014,0.173624,0.005678,9.2069,9.9518,9.3075,9.9518,0.2862,0.0,0
G018,20,6,C014,0.086828,0.040327,34.1243,59.5936,33.9066,59.5936,0.326,0.0,0
G019,12,1,C014,0.234696,0.029225,15.7946,19.0121,15.5842,19.0121,0.326,0.0,1
G019,12,2,C026,0.160952,0.048084,20.1569,40.6074,20.1815,40.6074,0.2674,0.0,0
G019,12,3,G018,0.15903,0.048685,19.9238,40.6074,20.0097,40.6074,0.3356,0.0,0
G019,12,4,C025,0.152685,0.050721,13.064,31.4996,13.1874,31.4996,0.2475,0.0,0
G019,12,5,C010,0.147424,0.052474,19.6103,40.6074,19.6672,40.6074,0.2908,0.0,0
G019,12,6,G014,0.145213,0.053229,12.3762,31.4996,12.2593,31.4996,0.2862,0.0,0
G019,16,1,C014,0.23668,0.024475,15.7946,19.0121,15.5842,19.0121,0.326,0.0,1
G019,16,2,G018,0.158605,0.044489,19.9238,40.6074,20.0097,40.6074,0.3356,0.0,0
G019,16,3,C026,0.157211,0.044931,20.1569,40.6074,20.1815,40.6074,0.2674,0.0,0
G019,16,4,C025,0.153262,0.046203,13.064,31.4996,13.1874,31.4996,0.2475,0.0,0
G019,16,5,G014,0.148225,0.047874,12.3762,31.4996,12.2593,31.4996,0.2862,0.0,0
G019,16,6,C010,0.146017,0.048624,19.6103,40.6074,19.6672,40.6074,0.2908,0.0,0
G019,20,1,C014,0.237601,0.023878,15.7946,19.0121,15.5842,19.0121,0.326,0.0,1
G019,20,2,C026,0.159696,0.043744,20.1569,40.6074,20.1815,40.6074,0.2674,0.0,0
G019,20,3,G018,0.158017,0.044273,19.9238,40.6074,20.0097,40.6074,0.3356,0.0,0
G019,20,4,C025,0.151864,0.046258,13.064,31.4996,13.1874,31.4996,0.2475,0.0,0
G019,20,5,C010,0.147512,0.047712,19.6103,40.6074,19.6672,40.6074,0.2908,0.0,0
G019,20,6,G014,0.145309,0.048465,12.3762,31.4996,12.2593,31.4996,0.2862,0.0,0
G020,12,1,C023,0.273,0.052446,53.5468,97.7455,53.7617,97.7455,0.3657,0.0,1
G020,12,2,G005,0.233626,0.060234,18.3084,27.5241,18.2505,27.5241,0.2445,0.0,0
G020,12,3,C022,0.182896,0.072474,58.7092,92.475,58.7817,92.475,0.154,0.0,0
G020,12,4,C017,0.107452,0.099067,64.0518,90.7794,64.1661,90.7794,0.4273,0.0,0
G020,12,5,C020,0.104946,0.100247,70.0961,107.5821,70.1285,107.5821,0.4011,0.0,0
G020,12,6,G011,0.09808,0.103631,36.8705,31.3667,36.8373,31.3667,0.1602,0.0,0
G020,16,1,C023,0.260539,0.050224,53.5468,97.7455,53.7617,97.7455,0.3657,0.0,1
G020,16,2,G005,0.230044,0.056448,18.3084,27.5241,18.2505,27.5241,0.2445,0.0,0
G020,16,3,C022,0.181984,0.068166,58.7092,92.475,58.7817,92.475,0.154,0.0,0
G020,16,4,C017,0.114166,0.091479,64.0518,90.7794,64.1661,90.7794,0.4273,0.0,0
G020,16,5,C020,0.111187,0.092801,70.0961,107.5821,70.1285,107.5821,0.4011,0.0,0
G020,16,6,C018,0.102079,0.097074,71.0413,133.5319,71.0815,133.5319,0.4193,0.0,0
G020,20,1,C023,0.258615,0.05075,53.5468,97.7455,53.7617,97.7455,0.3657,0.0,1
G020,20,2,G005,0.246167,0.053217,18.3084,27.5241,18.2505,27.5241,0.2445,0.0,0
G020,20,3,C022,0.174613,0.070389,58.7092,92.475,58.7817,92.475,0.154,0.0,0
G020,20,4,C017,0.111094,0.092998,64.0518,90.7794,64.1661,90.7794,0.4273,0.0,0
G020,20,5,C020,0.105832,0.095425,70.0961,107.5821,70.1285,107.5821,0.4011,0.0,0
G020,20,6,G011,0.103679,0.096453,36.8705,31.3667,36.8373,31.3667,0.1602,0.0,0
